open,high,low,close,volume,open,high,low,close,volume,open,high,low,close,volume,open,high,low,close,volume,open,high,low,close,volume
39.96,40.87,39.62,40.17,572063,427.81,428.31,410.3,410.7,319409,1.74,1.74,1.63,1.65,292031,20.73,21.45,20.68,21.41,7158853,7.94,8.04,7.91,7.91,86595
40.16,40.16,39.44,39.5,744012,402.9,407.31,371.4,373.79,456363,1.64,1.65,1.58,1.6,269268,21.49,21.67,20.77,21.08,9620807,7.9,7.96,7.89,7.95,98360
39.52,39.81,39.2,39.36,751978,380.0,388.47,370.45,379.45,322235,1.63,1.7,1.6,1.69,1606214,20.09,20.97,20.06,20.81,6143926,7.95,7.96,7.89,7.9,88267
39.86,41.44,39.75,40.6,1263508,379.46,396.26,379.45,394.66,282707,1.68,1.68,1.59,1.6,548942,20.48,20.64,20.13,20.59,5268701,7.89,7.91,7.84,7.85,52693
40.53,40.58,39.6,39.69,841096,397.72,398.29,383.09,393.58,261256,1.61,1.63,1.59,1.63,324379,20.61,20.74,20.43,20.67,5007879,7.86,8.0,7.86,7.98,116210
39.77,40.82,39.45,40.6,983718,399.21,412.18,399.21,409.2,222505,1.61,1.61,1.51,1.51,329736,19.93,20.62,19.79,20.47,5055038,7.98,8.11,7.97,8.02,71386
40.6,41.07,40.18,41.06,766638,408.63,416.19,405.7,410.35,190966,1.52,1.52,1.48,1.48,229692,20.62,21.09,20.3,20.93,4021724,8.02,8.12,8.02,8.06,82710
41.06,42.0,40.95,41.89,499640,411.01,414.99,409.33,414.04,52542,1.52,1.52,1.48,1.51,391660,20.7,21.13,20.66,21.1,888038,8.09,8.1,8.05,8.07,16583
41.76,42.49,41.46,41.73,673863,408.33,410.59,398.4,410.59,274109,1.52,1.56,1.5,1.56,373890,20.4,20.74,19.95,20.67,5581707,8.06,8.06,7.98,8.0,43388
41.65,41.89,41.34,41.49,485232,409.8,431.49,408.8,421.47,324698,1.55,1.61,1.55,1.58,324352,20.68,20.9,20.48,20.76,5286399,7.98,7.98,7.95,7.96,111082
41.47,41.68,40.65,40.76,754637,423.21,426.0,419.36,422.74,291737,1.57,1.6,1.53,1.6,613034,20.72,21.15,20.6,21.09,3492047,7.96,8.165,7.96,7.99,100105
40.75,42.32,40.75,41.76,1026588,425.05,427.1,416.59,417.24,220803,1.6,1.71,1.59,1.63,1037412,21.23,21.64,21.02,21.63,4481017,7.98,8.06,7.96,7.96,36325
41.76,42.69,41.76,41.88,1143380,416.86,417.92,411.19,411.21,171238,1.66,1.68,1.625,1.66,389874,21.44,21.81,21.34,21.41,4078127,7.96,7.98,7.92,7.93,65248
41.98,42.72,41.94,42.51,1022212,410.96,411.77,395.1,404.06,236825,1.67,1.68,1.65,1.67,505407,21.44,21.58,21.26,21.51,2704523,7.9,7.92,7.87,7.89,355761
42.52,43.4,42.3,42.87,1137933,403.74,423.1,399.0,422.8,219198,1.68,1.73,1.66,1.72,684180,21.55,21.71,21.17,21.31,2907173,7.88,8.09,7.88,8.0,85298
43.4,43.68,42.93,43.35,1201563,422.6,423.33,411.72,415.6,193649,1.72,1.74,1.68,1.71,352063,21.12,21.37,21.02,21.03,3945295,8.0,8.02,7.82,7.84,46002
43.31,43.7,42.6,43.45,1548312,417.94,439.63,416.58,424.65,324577,1.76,1.85,1.74,1.84,1455369,21.19,21.86,21.12,21.83,4183388,7.83,7.88,7.83,7.86,43501
43.52,45.5,43.46,44.32,1416165,424.38,434.5,422.48,431.43,244005,1.83,1.86,1.79,1.85,681427,21.73,22.64,21.56,22.46,8542930,7.89,7.89,7.85,7.85,38689
44.44,45.01,44.17,44.21,1193538,435.15,442.99,430.61,431.05,212085,1.85,1.91,1.82,1.89,359172,22.35,22.84,22.27,22.5,5856230,7.88,7.935,7.82,7.83,70420
44.08,44.36,43.56,44.1,733580,434.18,446.5,433.97,439.46,185843,1.9,1.93,1.88,1.91,322719,22.5,22.8,22.4,22.77,3992773,7.84,7.85,7.73,7.77,71861
44.22,44.305,43.77,44.22,829679,443.87,446.0,432.0,434.0,231926,1.93,2.0,1.92,1.98,388303,22.67,22.95,22.43,22.71,4706195,7.75,7.79,7.67,7.68,132920
44.24,44.6,44.08,44.5,829589,433.76,435.9,425.56,433.34,194846,1.99,2.01,1.96,1.97,594578,22.9,22.96,22.71,22.82,5077118,7.68,7.76,7.64,7.69,63491
44.53,44.7,43.96,44.07,726788,434.5,445.48,430.69,438.79,234332,1.98,1.98,1.83,1.86,929508,22.7,22.8,22.24,22.43,3640481,7.69,7.7,7.6,7.64,44601
44.21,45.75,44.21,45.55,1177656,441.39,446.77,438.6,442.99,195930,1.88,1.9,1.72,1.75,204829,22.49,22.7,22.42,22.46,2382829,7.65,7.67,7.59,7.59,60370
45.93,46.71,44.74,45.09,1590621,445.15,445.15,413.0,420.47,427466,1.75,1.75,1.68,1.74,197981,22.5,22.65,22.35,22.63,3374001,7.58,7.6,7.5,7.53,56387
46.13,47.43,44.32,46.69,2513872,414.8,424.62,409.41,413.83,223707,1.73,1.875,1.72,1.81,163724,22.7,22.805,22.33,22.38,4443957,7.53,7.53,7.47,7.51,246688
47.1,47.24,44.84,45.41,2444164,415.86,421.64,410.11,419.41,303833,1.81,1.98,1.81,1.89,727384,22.35,22.36,21.1,21.45,8440338,7.52,7.52,7.4,7.41,40963
45.26,45.28,44.31,44.98,2019608,441.8,463.0,435.0,451.58,613048,1.87,1.87,1.79,1.84,218415,20.92,22.62,20.92,22.43,7266798,7.4,7.52,7.4,7.48,273167
44.43,44.87,43.55,44.41,1247639,450.1,452.01,427.38,438.95,411934,1.84,1.93,1.8,1.9,651511,22.41,22.89,22.31,22.33,5551972,7.49,7.51,7.43,7.49,82115
43.19,44.33,42.89,44.16,1504393,435.0,442.61,430.0,441.88,367930,1.76,1.87,1.76,1.78,389766,23.0,23.67,22.92,23.32,6181434,7.44,7.47,7.34,7.38,87166
43.43,43.59,42.71,43.31,1489317,436.46,456.16,436.46,453.65,348088,1.76,1.77,1.645,1.67,565758,23.95,24.56,23.91,24.05,9913082,7.28,7.43,7.28,7.4,68995
43.63,44.81,43.63,44.47,1791286,456.29,474.25,455.3,473.1,337202,1.68,1.74,1.66,1.69,486586,23.58,24.16,23.35,24.06,4442038,7.38,7.485,7.38,7.47,23910
44.29,45.06,43.96,44.5,570681,468.65,490.95,468.51,488.36,444015,1.71,1.72,1.64,1.64,295742,23.93,24.32,23.86,23.96,3935759,7.47,7.55,7.46,7.46,42538
44.32,44.8,42.61,43.76,1232846,483.54,492.5,477.9,485.68,323047,1.62,1.65,1.56,1.63,292456,24.49,24.67,23.7,23.8,4077322,7.45,7.47,7.375,7.41,54326
43.79,44.03,43.4,43.5,1166618,483.98,491.88,469.59,488.49,328455,1.63,1.71,1.59,1.62,311701,24.4,24.45,23.14,23.97,7588386,7.34,7.37,7.3,7.33,105030
43.2,43.3,41.92,42.32,1317639,476.93,488.16,463.0,470.07,405289,1.59,1.6,1.55,1.56,274118,24.37,24.5,23.995,24.21,6661023,7.6,8.0,7.5,7.95,164063
42.31,43.17,41.78,41.86,982704,473.16,479.1,463.86,467.52,311724,1.56,1.62,1.53,1.59,637792,24.22,24.5,23.97,24.49,4630637,7.98,7.98,7.7,7.76,592379
41.79,43.9,41.77,43.58,1254061,475.69,479.45,467.51,476.54,246678,1.59,1.62,1.55,1.6,374754,24.3,24.49,23.97,24.38,4624341,7.79,7.915,7.75,7.82,22895
43.93,44.68,43.51,43.67,957888,482.8,486.09,477.0,481.62,186731,1.6,1.65,1.57,1.63,1403187,23.92,24.46,23.72,24.12,7061429,7.87,7.93,7.81,7.87,19394
43.38,43.9,42.98,43.21,795272,481.0,501.5,479.77,499.15,290376,1.6,1.72,1.59,1.68,1273469,24.29,24.93,24.23,24.88,5737354,7.85,7.95,7.62,7.68,32157
43.32,44.92,43.32,44.21,938401,506.8,519.69,501.0,519.07,305621,1.7,1.82,1.62,1.79,677324,24.61,24.9,24.42,24.8,5507737,7.68,7.68,7.6,7.61,183205
44.29,44.35,43.29,43.9,816398,520.0,522.0,505.96,517.05,308064,1.79,1.84,1.69,1.7,392092,24.66,24.98,24.58,24.96,3305326,7.65,7.92,7.65,7.86,19630
43.69,44.51,42.91,43.1,1355245,518.76,533.0,506.94,508.41,450844,1.68,1.7,1.55,1.56,917761,25.04,25.61,24.93,25.45,5179845,7.87,7.89,7.77,7.77,36119
43.42,43.55,42.39,42.45,1375241,515.74,528.15,511.25,524.34,296581,1.56,1.59,1.43,1.45,1785523,25.65,25.85,25.32,25.49,3873642,7.77,7.89,7.59,7.66,35136
42.76,43.25,42.46,42.71,9401624,533.57,543.76,529.5,541.49,486875,1.44,1.45,1.35,1.39,478070,25.56,26.37,25.56,26.27,5327000,7.57,7.69,7.54,7.59,350852
42.66,43.28,42.53,42.69,1062413,540.62,542.75,519.86,525.63,365745,1.43,1.5,1.41,1.44,255570,26.3,26.69,26.06,26.54,4667567,7.59,7.83,7.58,7.83,363724
42.91,43.95,42.81,43.55,2207439,533.37,536.74,521.28,522.06,309380,1.48,1.54,1.47,1.53,408426,26.42,26.45,25.51,25.63,4573351,7.86,7.93,7.85,7.85,19178
43.71,45.22,43.71,44.75,1378194,524.21,524.47,494.58,512.82,493819,1.54,1.54,1.44,1.48,442920,25.4,25.93,25.26,25.81,4768338,7.89,7.93,7.87,7.88,30557
44.21,44.92,43.5,43.62,1495062,511.11,524.64,507.68,512.58,305400,1.45,1.55,1.45,1.55,171714,26.11,26.24,25.76,25.94,4594445,7.87,7.98,7.77,7.8,101394
44.01,44.4,43.32,43.57,945001,519.8,521.81,506.3,511.33,275829,1.66,1.76,1.64,1.72,1455220,25.8,26.32,25.67,26.3,4103426,7.83,7.88,7.83,7.87,20592
43.97,44.88,43.49,44.09,1123628,515.59,519.68,502.7,519.51,299175,1.79,1.84,1.71,1.78,588792,25.57,25.7,23.91,24.36,7645665,7.87,7.9,7.85,7.87,15898
44.03,44.86,43.82,44.56,844475,517.35,521.75,501.25,501.7,240742,1.78,1.83,1.69,1.8,510470,24.38,24.61,23.52,23.55,6740550,7.86,7.88,7.68,7.72,120513
44.45,44.45,43.88,44.0,1469306,504.79,505.0,461.5,472.05,453088,1.93,1.93,1.8,1.85,616088,23.6,23.62,22.585,22.9,5584798,7.73,7.78,7.63,7.69,43356
44.0,44.04,41.9,42.38,1786745,464.99,467.71,440.41,442.98,315010,1.85,1.95,1.85,1.89,854491,22.65,23.15,22.28,22.66,5925540,7.75,7.83,7.69,7.82,286544
42.49,42.76,42.3,42.7,1544801,444.72,462.48,442.01,458.28,374101,1.91,1.96,1.86,1.91,557084,22.64,23.31,22.6,22.89,4733538,7.83,7.845,7.77,7.79,75941
42.83,43.55,42.57,42.91,1272646,467.06,475.2,463.5,471.1,301454,1.9,1.94,1.84,1.91,991795,23.71,23.93,22.61,22.62,6413538,7.78,7.82,7.74,7.79,616461
43.06,43.33,42.93,43.13,1068051,474.8,474.8,448.42,449.23,316761,1.95,2.11,1.89,2.06,1028267,23.06,23.06,22.6,22.85,6523268,7.8,8.01,7.795,7.94,70082
42.28,42.5,41.4,41.81,1645841,435.0,455.0,433.87,447.48,234740,2.24,2.26,2.1,2.15,1053110,23.06,23.13,22.54,22.6,6214700,7.91,7.91,7.78,7.79,55828
41.65,44.37,41.65,44.01,1990120,432.97,444.52,428.19,435.67,294792,2.18,2.22,2.08,2.15,1183437,22.97,24.08,22.92,23.9,5141502,7.79,7.92,7.79,7.85,7073
44.45,44.45,42.85,43.4,1093152,439.0,439.0,423.1,432.8,238281,2.13,2.13,2.04,2.1,997949,23.82,23.93,22.9,23.4,6550051,7.78,7.91,7.66,7.84,32420
43.45,43.74,42.89,43.03,955531,435.0,440.19,426.8,430.65,151802,2.1,2.12,1.99,2.08,304482,23.63,24.32,23.63,24.28,5189878,7.89,7.92,7.82,7.87,50564
42.99,43.38,42.24,42.75,1558677,431.52,439.51,413.87,423.13,483752,2.09,2.21,2.05,2.19,1370894,24.3,24.53,23.725,24.47,12099474,7.88,7.88,7.78,7.83,66344
42.66,43.33,42.45,43.04,601371,420.24,431.59,412.38,415.5,195883,2.16,2.22,2.15,2.17,357897,24.66,24.81,24.45,24.68,3863128,7.84,7.84,7.75,7.81,39526
43.08,44.39,42.6,43.0,989622,414.76,418.65,381.76,390.72,459238,2.17,2.17,1.96,1.98,632653,24.41,24.95,24.28,24.94,5717958,7.8,7.81,7.75,7.75,56855
42.98,43.64,42.9,43.13,758289,385.2,418.83,380.21,417.54,352529,1.95,2.0,1.94,1.95,1035137,24.8,24.91,23.89,24.1,4058145,7.72,7.74,7.7,7.7,25652
43.14,43.47,42.8,43.14,857658,418.36,418.54,401.33,415.72,212803,1.96,2.09,1.94,2.08,1202179,24.18,24.34,23.98,24.03,2583702,7.7,7.76,7.69,7.69,39648
43.25,44.2,42.63,42.95,1103221,415.75,419.88,400.01,404.9,187898,2.03,2.19,2.03,2.17,999038,23.5,23.67,23.21,23.46,4102513,7.69,7.69,7.46,7.62,83253
42.95,43.45,42.88,43.21,1106503,404.87,418.9,400.75,412.3,255680,2.19,2.19,2.12,2.15,744711,23.01,23.25,22.51,22.92,4804675,7.62,7.65,7.58,7.61,13838
43.45,44.13,42.3,43.12,1401901,414.27,422.67,410.0,414.16,234582,2.15,2.155,2.015,2.06,1427118,22.79,23.31,22.62,22.74,5000048,7.6,7.66,7.58,7.6,51803
42.78,43.2,41.8,42.54,1690844,411.0,414.07,399.97,412.87,154636,2.09,2.09,1.92,2.03,505171,23.14,23.39,22.84,23.12,4014328,7.55,7.58,7.5,7.57,40901
42.25,43.12,42.0,43.1,1001427,413.21,435.34,406.42,434.16,227199,2.0,2.04,1.92,2.03,829471,23.27,23.92,22.97,23.0,4733463,7.56,7.66,7.56,7.56,359892
43.27,43.49,42.8,43.27,606616,435.39,439.1,426.35,435.53,185498,2.05,2.05,1.9,1.99,815332,22.9,23.66,22.87,23.62,3083527,7.49,7.7,7.49,7.69,17206
43.12,43.45,42.86,43.24,592119,434.08,441.0,428.97,433.99,137554,1.99,2.08,1.89,1.9,524557,23.42,23.76,23.29,23.49,2104189,7.7,7.75,7.6,7.61,12178
43.08,43.45,42.54,42.88,779223,430.0,433.15,414.03,414.39,190001,1.87,1.93,1.86,1.89,739872,23.89,24.24,23.75,24.07,3609035,7.57,7.6,7.53,7.59,8901
43.15,44.03,42.95,43.66,903472,417.3,421.55,415.25,418.65,137761,1.89,1.97,1.86,1.88,732341,24.0,24.04,23.62,23.81,2195957,7.6,7.6,7.52,7.56,12734
43.63,44.83,43.25,44.81,957936,417.01,437.12,415.0,431.24,180971,1.97,1.97,1.86,1.88,418551,23.8,23.85,23.24,23.81,2500388,7.58,7.6,7.58,7.595,12401
45.0,46.36,44.85,45.55,1065485,439.9,445.5,429.24,434.98,278612,1.89,1.96,1.885,1.92,228521,23.44,23.46,22.36,22.44,5028790,7.65,7.65,7.52,7.55,33002
45.5,45.91,45.0,45.63,1052411,459.0,462.97,454.1,456.91,278948,1.87,2.0,1.8,1.97,457262,22.45,22.6,21.92,22.0,3823794,7.49,7.62,7.49,7.55,31841
45.68,46.12,45.16,45.38,1008735,453.6,453.61,425.28,426.94,170732,1.97,2.1,1.95,2.09,997268,22.15,22.39,21.87,22.38,3022150,7.56,7.67,7.53,7.67,25374
45.58,45.83,45.29,45.54,1033861,429.72,438.7,426.94,435.6,142439,2.1,2.11,2.02,2.09,290097,22.22,22.78,22.11,22.49,2683193,7.63,7.67,7.63,7.65,14398
45.56,45.97,45.18,45.26,1218495,438.5,440.0,410.26,412.16,229140,2.1,2.11,1.96,2.05,699779,22.78,22.84,22.34,22.58,2317381,7.64,7.67,7.62,7.63,21924
45.55,46.99,45.29,46.23,1132554,415.05,427.5,409.0,418.04,229620,2.01,2.12,2.01,2.09,517638,22.63,22.66,21.95,21.99,2078546,7.61,7.66,7.61,7.65,18886
46.5,46.99,45.21,45.43,1057423,422.11,427.44,386.77,392.02,249466,2.06,2.15,2.03,2.1,3141227,22.14,22.25,21.49,21.73,2546878,7.65,7.68,7.64,7.65,11545
45.27,46.03,45.06,45.73,877451,391.8,405.0,380.8,388.21,160209,2.11,2.12,2.05,2.08,1520389,21.93,22.13,21.59,21.63,2130301,7.6,7.67,7.6,7.63,23183
46.01,46.53,45.78,46.01,719060,394.21,423.94,392.91,422.34,293908,2.08,2.135,1.95,1.97,871451,21.74,22.49,21.69,22.45,2560197,7.64,7.69,7.64,7.66,10229
46.02,46.28,45.71,45.99,580527,415.5,419.32,405.0,414.58,141356,1.97,2.18,1.87,2.16,946691,22.9,23.02,22.27,22.47,3043750,7.65,8.0,7.63,7.67,23769
45.96,46.62,45.72,45.72,1010355,423.8,429.55,409.0,422.75,157947,2.15,2.19,2.03,2.03,776471,22.2,22.25,21.73,21.83,2285710,7.66,7.79,7.66,7.7,24312
45.38,48.09,44.85,47.42,2423632,400.0,420.45,390.1,409.36,233841,2.02,2.09,1.98,2.0,978655,21.65,22.08,21.47,21.97,2765076,7.7,7.74,7.68,7.72,20980
47.55,47.99,46.37,46.56,1395490,409.38,421.02,405.0,419.91,135957,2.0,2.02,1.89,1.91,1176797,21.95,22.45,21.86,22.44,2992622,7.75,7.78,7.72,7.75,5901
46.5,46.91,46.0,46.9,1542686,417.97,420.5,406.89,413.0,151473,1.91,1.92,1.82,1.9,689264,22.77,23.0,22.58,22.88,3568762,7.755,7.78,7.74,7.76,7882
47.0,47.53,46.81,46.99,791096,417.0,424.25,411.64,416.19,114189,1.91,2.13,1.87,2.06,1636385,22.74,22.8,22.23,22.35,2681522,7.76,7.82,7.76,7.8,15834
47.15,47.46,46.77,47.28,721258,421.03,422.36,399.75,405.23,238245,2.12,2.38,2.12,2.34,2145873,22.31,22.385,21.87,21.92,4174730,7.89,7.89,7.8,7.81,13490
47.26,47.3,46.64,47.06,1390961,405.91,405.91,387.65,389.15,234879,2.37,2.54,2.37,2.45,2085166,21.45,21.835,21.27,21.78,3500913,7.87,7.87,7.79,7.8,25011
47.32,48.67,47.15,48.6,1545474,389.19,396.2,384.93,388.99,196941,2.42,2.45,2.26,2.38,1537987,22.23,22.62,22.11,22.31,3959432,7.95,7.95,7.83,7.84,15329
49.75,49.75,47.2,47.33,1421915,389.99,392.0,372.57,376.54,210325,2.41,2.51,2.37,2.43,1814723,22.25,22.26,21.35,21.56,4354581,7.86,7.99,7.84,7.95,49936
47.4,48.77,47.27,48.63,1074389,372.01,395.1,372.01,393.75,194491,2.43,2.51,2.35,2.47,916728,21.45,21.87,21.35,21.62,3320727,7.84,7.93,7.84,7.84,8787
48.26,48.48,47.31,48.13,1013386,393.69,403.36,388.59,401.41,160237,2.33,2.5,2.33,2.48,580304,21.6,21.89,21.59,21.67,2300813,7.78,7.98,7.77,7.91,13722
48.15,49.11,48.11,48.56,1089652,402.62,410.7,401.0,404.9,144043,2.46,2.505,2.36,2.38,910080,21.67,21.84,21.25,21.75,2739440,7.98,7.98,7.88,7.88,12230
48.6,49.26,48.24,48.87,695068,402.77,417.25,401.57,416.28,254639,2.36,2.42,2.34,2.41,569170,21.98,22.27,21.97,22.08,3212845,7.93,8.2,7.93,8.18,147531
48.88,49.72,48.63,49.3,962596,416.52,424.0,410.48,413.81,132845,2.41,2.47,2.345,2.38,1137606,22.24,22.35,22.015,22.08,2147086,8.09,8.36,8.09,8.22,15920
49.34,49.83,48.86,49.36,757317,417.0,418.1,410.0,413.19,107230,2.38,2.53,2.38,2.51,1579619,21.96,22.12,21.83,21.91,2107644,8.17,8.45,8.17,8.38,28720
49.29,49.72,48.95,49.56,986147,413.18,430.37,410.5,426.66,234582,2.4,2.455,2.295,2.34,1150153,21.9,22.42,21.86,22.33,3157153,8.3,8.32,8.21,8.27,20102
49.56,50.12,49.3,49.88,1059311,430.5,430.52,417.0,419.65,160297,2.32,2.32,2.17,2.21,618432,22.23,22.72,22.2,22.64,2899043,8.26,8.305,8.23,8.28,14392
49.7,50.12,49.36,49.75,781474,417.56,431.71,415.08,421.76,167186,2.19,2.27,2.15,2.23,983648,22.65,22.89,22.39,22.63,2706823,8.27,8.54,8.27,8.51,20176
49.75,50.04,49.44,49.45,697568,424.06,427.1,417.99,419.86,131694,2.27,2.34,2.21,2.29,1823698,22.58,22.72,22.0,22.09,2669056,8.49,8.53,8.4,8.42,65017
49.46,49.68,48.96,49.17,591529,421.14,424.45,411.5,418.26,130636,2.31,2.45,2.31,2.4,515237,22.17,22.24,21.9,21.92,1949391,8.33,8.55,8.33,8.52,30680
49.18,49.895,49.11,49.85,586003,419.31,424.2,415.77,421.85,131691,2.38,2.51,2.345,2.48,998581,21.92,22.18,21.78,21.84,2680188,8.52,8.52,8.3,8.4,19941
49.89,50.6,49.6,50.54,1659777,422.67,447.42,422.22,443.57,364734,2.47,2.5,2.42,2.47,723839,21.87,22.445,21.78,22.4,3955699,8.37,8.48,8.37,8.41,9877
50.5,51.07,50.2,50.2,861223,449.7,455.13,438.0,453.19,224365,2.48,2.5,2.38,2.49,397662,22.25,22.32,22.04,22.3,2699735,8.41,8.43,8.39,8.4,59019
50.24,50.81,50.05,50.64,344900,453.21,455.49,452.17,454.0,39233,2.47,2.5,2.42,2.46,149789,22.15,22.46,22.15,22.42,645942,8.39,8.42,8.39,8.4,2169
50.78,50.83,49.87,50.05,568095,452.88,457.5,445.45,445.45,128216,2.42,2.46,2.39,2.44,265621,22.33,22.41,22.16,22.18,2163801,8.41,8.42,8.38,8.38,6609
50.05,50.21,49.14,49.47,967918,447.18,447.39,414.38,440.21,265800,2.46,2.5,2.33,2.38,754359,22.21,22.61,22.21,22.46,4911019,8.31,8.45,8.31,8.4,63759
49.15,49.72,48.47,49.37,1463729,427.27,467.0,427.23,466.42,248558,2.36,2.43,2.3,2.34,728703,22.9,23.69,22.86,22.98,4271287,8.3,8.41,8.3,8.4,35671
49.5,49.88,49.11,49.2,942432,464.39,497.27,463.65,490.77,329991,2.38,2.52,2.36,2.49,1285192,22.88,23.05,22.45,22.45,3466185,8.39,8.43,8.39,8.41,38773
49.2,49.54,48.81,49.19,495872,490.51,496.11,475.0,479.25,212109,2.5,2.73,2.48,2.64,2721872,22.48,22.81,22.45,22.62,2095686,8.4,8.47,8.4,8.4,28683
49.34,49.83,48.85,49.03,797453,487.0,493.68,478.35,483.35,169511,2.65,2.79,2.65,2.73,1095908,22.36,22.69,22.32,22.41,1940656,8.43,8.65,8.43,8.55,137816
48.97,49.1,48.45,48.87,751556,484.2,503.85,483.0,489.94,259911,2.72,2.76,2.63,2.64,1070152,22.51,22.77,22.21,22.28,1917421,8.57,8.59,8.25,8.55,71415
48.79,49.0,48.42,48.56,774254,494.0,494.0,482.65,487.04,184994,2.65,2.69,2.54,2.63,650277,22.42,22.72,22.39,22.72,2612020,8.5,8.57,8.45,8.5,53631
48.57,49.87,48.28,49.39,866493,487.5,493.5,483.97,491.71,167750,2.62,2.69,2.57,2.58,673864,22.87,23.4,22.8,23.25,3920080,8.31,8.55,8.31,8.52,23403
49.37,49.47,48.65,48.8,1038768,491.65,495.02,481.22,489.61,227538,2.58,2.72,2.58,2.67,1120698,23.5,23.71,22.87,23.12,4535993,8.47,8.6,8.47,8.51,47604
48.82,49.8,48.65,49.5,814508,488.94,516.6,488.9,508.43,312817,2.73,2.73,2.655,2.69,1370031,22.94,23.3,22.8,23.24,4261346,8.45,8.52,8.45,8.5,18197
49.58,50.06,49.23,49.88,846535,513.98,521.26,502.85,517.42,221975,2.71,2.74,2.64,2.72,1752862,23.22,23.22,22.79,22.9,2255658,8.44,8.52,8.44,8.5,18305
49.81,50.61,49.49,50.33,966589,517.2,521.97,500.77,510.85,252381,2.72,2.94,2.7,2.91,1844863,22.86,23.04,22.76,22.9,2382047,8.5,8.58,8.49,8.5,36577
50.24,50.83,49.92,50.01,830813,513.0,530.17,512.97,520.56,391152,2.9,2.92,2.73,2.74,646560,22.87,23.52,22.865,23.5,3321957,8.4,8.64,8.4,8.61,28556
49.95,49.95,49.04,49.35,991991,520.99,526.66,513.85,516.06,178895,2.75,2.82,2.75,2.81,1009213,23.53,23.6,23.17,23.24,2273228,8.65,8.76,8.57,8.62,23388
49.36,49.88,49.19,49.7,874668,516.2,524.99,510.29,513.22,715483,2.8,2.81,2.7,2.74,1485988,23.1,23.41,22.92,22.93,8555465,8.46,8.83,8.46,8.65,21651
50.0,50.04,49.57,49.69,461886,516.83,524.99,510.37,511.62,243940,2.71,2.76,2.685,2.74,471087,23.14,23.43,23.01,23.34,1935058,8.67,8.84,8.64,8.82,9977
49.9,49.96,49.49,49.6,272709,512.46,527.17,508.21,525.39,125214,2.75,2.79,2.73,2.73,213123,23.4,24.11,23.37,24.11,2076726,8.77,8.78,8.65,8.69,8257
49.84,49.96,49.47,49.68,511997,539.97,544.0,528.0,534.76,156355,2.75,2.78,2.68,2.71,415429,24.04,24.16,23.81,23.99,2197752,8.72,8.72,8.63,8.63,15369
49.59,49.9,48.36,48.85,683291,535.36,535.36,512.57,517.79,162031,2.72,2.74,2.61,2.61,449228,24.04,24.39,23.94,24.3,2576537,8.65,8.7,8.65,8.67,6089
48.83,48.92,48.32,48.51,425169,514.39,524.97,509.9,516.3,153166,2.6,2.81,2.58,2.75,603704,24.45,24.49,24.01,24.12,3123035,8.7,8.77,8.64,8.7,12735
48.72,50.07,48.565,50.0,657536,524.82,530.33,517.98,530.07,196566,2.8,2.805,2.62,2.63,631127,24.32,24.44,23.88,24.0,2751087,8.75,8.77,8.71,8.71,5512
48.98,48.99,46.85,48.31,1967356,521.06,530.1,516.01,525.07,205717,2.7,2.7,2.54,2.57,741606,24.5,24.59,23.97,24.11,3605299,8.8,8.8,8.68,8.7,10119
47.61,47.82,47.11,47.3,1134902,517.61,536.22,514.74,535.04,347279,2.61,2.625,2.5,2.59,1227458,24.65,24.68,23.83,23.85,3060740,8.8,8.98,8.75,8.96,14692
47.3,48.27,47.2,48.24,863739,537.42,549.85,533.51,539.03,296463,2.57,2.57,2.49,2.49,509227,23.92,24.1,23.61,24.01,4641495,8.93,9.0,8.93,8.96,29691
47.75,49.28,47.75,49.04,1193122,540.19,550.65,536.28,545.02,656767,2.49,2.49,2.36,2.42,746398,24.0,24.08,23.08,23.2,4014845,8.98,8.99,8.93,8.95,7639
49.12,50.39,49.07,49.6,1388006,552.11,564.59,552.11,561.57,344438,2.33,2.6,2.33,2.58,1457890,23.02,23.26,22.88,22.98,2481610,8.95,9.06,8.95,8.98,8028
49.59,51.015,49.2,50.9,1443019,565.0,572.0,558.26,560.9,225064,2.55,2.56,2.46,2.48,516384,23.03,23.45,23.0,23.29,2078119,8.99,9.07,8.99,9.06,14210
50.85,52.18,50.47,52.09,1388026,566.22,582.75,566.01,575.14,274775,2.48,2.48,2.33,2.39,1197722,23.16,23.21,22.77,22.78,2632923,9.19,9.19,8.97,8.97,30196
52.03,52.71,51.49,52.01,1352906,576.73,582.0,563.11,576.31,325823,2.44,2.44,2.36,2.4,254661,22.67,22.99,22.56,22.94,2874850,8.99,9.13,8.985,9.07,20548
51.93,52.46,51.34,51.54,1108539,577.91,590.83,577.82,585.64,353888,2.37,2.38,2.275,2.31,685531,23.17,23.45,22.92,23.38,2719317,9.03,9.13,8.99,9.0,34782
51.7,52.22,51.56,51.79,930670,592.53,592.53,583.0,588.3,306937,2.32,2.42,2.31,2.39,491879,23.47,23.6,23.14,23.6,2231533,9.06,9.1,9.03,9.1,30016
50.48,51.52,50.16,51.08,1767395,590.77,599.52,589.74,594.57,219190,2.4,2.44,2.3,2.33,660819,23.7,23.76,23.37,23.46,2461759,9.1,9.1,9.01,9.05,24016
50.82,51.41,50.66,51.15,310712,592.0,598.0,591.02,596.97,56473,2.27,2.36,2.27,2.34,128933,23.49,23.87,23.45,23.79,1517072,9.06,9.08,8.96,9.0,13308
50.5,50.61,47.68,48.84,3095071,595.39,617.85,593.01,608.76,270384,2.3,2.5,2.29,2.5,776321,23.47,24.0,23.41,23.97,3238186,9.06,9.14,9.06,9.11,35155
49.3,49.68,48.64,48.68,1282190,616.0,626.2,608.7,610.31,309536,2.47,2.48,2.36,2.44,1309656,23.96,24.07,23.83,24.03,2167044,9.09,9.12,9.08,9.09,14898
48.46,49.0,47.01,48.42,2001993,610.01,622.21,605.42,615.88,340573,2.41,2.41,2.31,2.33,820691,23.95,24.56,23.92,24.24,3548291,9.1,9.16,9.03,9.07,41057
48.45,48.58,45.77,47.18,2416449,620.38,625.5,602.11,611.84,242380,2.31,2.32,2.18,2.21,505449,24.24,24.65,24.11,24.6,2961953,9.06,9.13,9.06,9.1,26755
43.41,45.53,43.4,44.74,2709248,591.14,605.6,575.15,594.87,266039,2.19,2.21,2.1,2.12,471106,25.09,25.3,24.31,24.57,2886445,9.06,9.12,9.06,9.1,19700
45.12,45.77,44.69,45.1,2257306,599.65,616.99,595.85,615.42,231843,2.12,2.21,2.12,2.19,399906,24.34,24.42,23.525,23.69,3595158,9.12,9.13,9.09,9.11,14426
45.28,45.96,44.71,45.6,1916354,624.3,633.35,620.86,622.82,247482,2.21,2.22,2.15,2.18,573306,23.8,24.29,23.63,24.24,2524505,9.1,9.54,9.1,9.51,48042
45.1,45.2,44.18,44.93,1586113,622.28,631.64,615.0,628.89,234614,2.16,2.25,2.15,2.23,345898,24.32,24.65,24.12,24.33,4131086,9.31,9.58,9.31,9.5,87137
44.63,45.14,44.155,44.33,1529131,635.2,639.09,613.08,616.33,286483,2.22,2.25,2.14,2.21,598876,24.44,24.795,24.38,24.51,3114698,9.5,9.69,9.5,9.69,61703
44.37,45.18,44.12,44.78,1499613,620.41,629.01,608.14,623.77,304740,2.22,2.29,2.165,2.29,468228,24.27,24.44,23.95,24.32,3380850,10.28,10.29,9.74,9.8,63206
45.59,47.25,45.52,46.51,1812547,633.1,647.0,627.0,644.73,333782,2.35,2.35,2.27,2.31,711414,23.93,24.03,23.43,23.93,3166838,9.6,9.795,9.43,9.76,134245
47.25,48.06,46.4,46.7,1971011,657.62,657.64,622.22,632.22,307737,2.35,2.5,2.35,2.47,2567591,23.83,24.15,23.83,23.95,3561813,9.61,9.945,9.61,9.92,75242
47.0,47.13,46.33,46.35,1373740,630.0,632.6,615.1,628.97,352587,2.45,2.5,2.38,2.49,1108389,24.11,24.51,23.99,24.42,2196601,9.92,10.05,9.91,10.04,205201
46.25,46.25,45.04,45.46,1316269,626.4,641.0,622.0,636.89,275158,2.43,2.46,2.32,2.46,622430,24.58,24.71,24.06,24.21,3158946,10.04,10.17,10.03,10.15,116959
45.24,45.47,44.73,45.08,1786964,636.19,654.79,636.19,654.53,208555,2.42,2.43,2.29,2.29,568507,24.36,24.67,24.19,24.56,2072306,10.15,10.44,10.15,10.3,593686
45.33,47.2,45.33,46.58,1547478,657.4,664.0,651.0,655.46,390656,2.35,2.35,2.18,2.26,696046,24.42,24.79,24.27,24.53,2414872,10.4,10.41,10.23,10.33,713394
46.7,47.29,46.2,47.07,1302648,752.25,786.07,702.21,705.9,418530,2.26,2.32,2.22,2.27,997935,24.59,24.74,24.14,24.39,3646933,10.3,10.51,10.3,10.51,43539
46.76,47.59,46.76,47.05,1117203,705.39,734.26,703.62,706.38,292839,2.24,2.31,2.23,2.28,382225,24.66,25.41,24.58,25.12,7578061,10.52,10.56,10.38,10.41,48384
47.0,47.01,46.13,46.22,1210497,713.21,718.5,693.56,704.18,211766,2.28,2.32,2.25,2.31,248538,25.15,26.15,25.07,26.12,7398553,10.41,10.51,10.41,10.45,23612
44.42,45.75,43.1,45.0,3609437,707.9,727.38,707.8,709.84,569090,2.31,2.42,2.29,2.4,481267,26.29,27.38,26.19,27.33,8305790,10.45,10.59,10.36,10.37,75289
45.3,45.68,44.73,45.31,1608987,719.74,728.13,712.9,718.66,285687,2.4,2.49,2.4,2.48,581387,27.46,27.84,27.02,27.79,4247373,10.3,10.54,10.3,10.49,202898
45.06,45.6,44.35,44.45,1729718,716.99,724.0,676.22,711.04,435506,2.49,2.52,2.45,2.48,1967501,27.75,28.18,27.46,27.54,7356791,10.52,10.535,10.39,10.41,49831
44.2,44.24,41.86,42.18,3264821,705.75,708.83,675.75,686.57,289847,2.46,2.46,2.35,2.43,1179976,28.45,28.64,28.06,28.37,7812474,10.36,10.45,10.36,10.39,47701
38.42,40.38,37.89,40.07,3153153,629.11,668.0,629.11,652.99,392870,2.32,2.41,2.23,2.25,634218,29.76,29.93,28.87,29.3,9871179,9.12,10.05,9.11,9.99,76434
40.25,40.29,37.22,37.39,3094463,660.4,667.0,605.99,620.37,404284,2.25,2.28,2.11,2.15,464800,28.79,29.33,28.24,28.25,7933654,9.99,10.05,9.84,9.89,55162
36.88,37.5,34.83,34.92,4192256,609.6,642.68,609.6,627.18,305452,2.12,2.28,2.05,2.11,1753898,27.92,28.5,27.75,28.09,7428720,9.88,9.88,9.6,9.85,29151
32.0,37.0,31.67,35.45,3674646,604.76,625.13,571.69,617.64,341696,2.04,2.13,1.89,2.1,1136575,28.5,28.68,26.82,26.91,4426707,9.8,9.8,9.57,9.69,35009
33.26,34.59,33.01,34.25,4015256,570.45,623.22,567.42,623.22,999280,1.83,2.14,1.83,2.02,1037567,24.7,25.67,24.27,25.6,12419636,9.48,9.67,9.46,9.54,66833
34.4,34.96,33.4,34.57,2830286,647.34,651.75,617.5,651.75,593273,2.06,2.2,1.97,2.12,797024,26.05,26.57,25.62,26.49,7923909,9.32,9.7,9.32,9.67,44462
35.7,36.65,34.74,34.94,4154985,673.82,673.82,626.02,637.65,648391,2.15,2.17,2.0,2.03,599897,26.93,28.43,26.36,27.55,8519791,9.7,9.85,9.47,9.51,33998
35.66,36.22,34.08,35.07,3817836,653.3,688.35,648.55,686.77,389767,2.07,2.11,2.03,2.07,299994,28.01,28.09,27.01,27.52,4855821,9.52,9.85,9.475,9.75,53120
33.92,34.04,31.91,32.16,4866955,661.86,686.99,659.88,669.01,380051,2.03,2.08,1.92,1.94,793017,28.02,28.67,27.64,28.43,8541368,9.73,9.73,9.47,9.57,41747
30.98,34.5,30.53,33.16,4782533,642.27,660.0,616.54,633.29,463147,1.88,2.0,1.745,1.89,1395991,28.85,29.26,27.41,28.46,7142615,9.45,9.49,9.37,9.47,21263
29.76,31.31,28.01,30.31,3631840,583.69,606.43,568.18,571.21,703783,1.35,1.64,1.32,1.4,1461267,27.83,28.31,27.17,27.2,9702262,8.51,9.25,7.5,9.1,104838
31.0,31.64,30.45,31.22,3935239,603.89,619.0,579.45,618.79,639460,1.51,1.56,1.34,1.51,955960,27.46,27.97,26.3,27.29,9591227,9.07,9.45,8.95,9.29,86318
30.4,30.4,27.24,27.4,6420028,598.37,605.01,559.56,580.83,623435,1.45,1.51,1.29,1.32,923922,26.9,27.35,25.51,25.84,8446880,9.15,9.28,9.04,9.23,92993
23.25,25.86,21.0,24.9,5820343,510.05,553.99,465.04,527.71,658715,1.0,1.38,1.0,1.19,1467938,23.68,24.7,21.41,23.3,10871350,7.78,8.8,7.5,8.61,93144
25.82,27.3,23.345,25.37,5504662,557.73,562.57,505.69,546.47,662351,1.29,1.31,1.11,1.31,1491599,24.22,24.38,20.99,21.69,13601064,9.0,9.14,8.61,9.14,84753
22.84,22.84,15.65,18.23,8202053,474.05,504.27,449.9,458.52,452494,1.19,1.28,1.01,1.06,888623,18.4,23.99,17.52,22.93,9501395,7.8,8.55,7.8,8.28,64253
19.0,19.1,15.51,16.09,5450726,464.07,509.25,435.03,500.45,486451,1.07,1.18,1.03,1.03,970315,22.92,26.29,22.78,25.16,9092915,8.23,8.42,8.0,8.03,47428
15.0,15.18,9.26,12.9,14794497,474.04,515.0,445.13,498.56,486155,1.01,1.12,0.98,1.06,1416986,24.69,25.89,22.39,22.45,6961224,7.99,7.99,7.04,7.19,121396
13.7,14.36,10.835,12.15,8224031,482.97,499.99,457.08,482.1,400315,1.02,1.42,1.02,1.35,1077859,22.4,25.87,20.25,23.34,6974546,6.7,8.01,6.7,7.9,110705
15.85,15.85,12.22,12.41,8817832,491.68,530.99,491.68,495.45,779882,1.37,1.44,1.15,1.22,971282,23.71,24.26,22.37,22.81,16609498,7.93,7.96,7.4,7.7,67741
13.06,13.74,12.21,12.7,6087660,502.8,557.0,488.88,542.32,355673,1.16,1.22,1.05,1.06,626321,23.68,25.96,23.62,25.23,5854558,7.77,7.89,7.41,7.85,53546
15.12,15.5,14.06,15.11,7667078,594.03,628.4,588.76,628.4,395828,1.12,1.21,1.1,1.19,788146,26.99,28.66,26.18,28.38,8757087,7.96,8.33,7.95,8.09,64451
17.35,19.48,15.31,17.51,13034463,628.99,668.0,620.96,634.48,371216,1.15,1.46,1.15,1.29,843705,27.62,28.24,26.41,27.3,7488556,8.45,8.61,8.0,8.55,54518
18.21,19.26,17.08,17.91,10192571,635.37,663.5,613.48,631.97,391335,1.22,1.42,1.22,1.4,1186628,27.55,28.47,26.3,27.55,5964612,8.26,8.67,8.21,8.37,38711
17.4,17.57,15.5,16.75,7648410,600.89,611.0,580.66,590.0,408712,1.31,1.43,1.29,1.29,649351,26.95,27.83,26.51,26.89,5828337,8.4,8.4,8.07,8.15,304816
16.01,16.95,15.3,16.08,5420648,600.32,614.5,585.0,611.52,192712,1.31,1.39,1.195,1.34,935438,27.15,27.83,26.61,27.29,4324930,8.04,8.5,8.03,8.47,168476
16.27,16.72,15.5,15.75,5622632,610.5,623.75,585.46,589.62,426982,1.4,1.57,1.4,1.43,1765717,27.04,27.31,25.72,25.86,6173077,8.43,8.98,8.43,8.62,43199
15.3,15.55,14.28,14.46,6336509,572.93,575.0,543.23,546.21,312218,1.41,1.445,1.31,1.43,403367,25.99,27.23,25.86,26.88,4593755,8.45,8.92,8.32,8.88,76956
14.51,15.17,14.04,14.72,4566433,497.26,520.36,476.38,493.23,468172,1.5,1.7,1.43,1.51,732375,27.35,29.15,27.08,28.16,6695344,8.88,8.93,8.5,8.56,29418
14.94,15.04,13.53,14.55,6858111,500.2,512.01,487.1,504.52,202372,1.6,1.63,1.46,1.61,356429,27.92,28.81,27.9,28.25,2905906,8.56,9.2,8.5,9.04,59147
15.24,15.49,14.86,15.16,5717319,538.0,554.99,522.01,553.94,232963,1.64,1.66,1.53,1.55,544129,29.01,29.86,28.54,29.06,4571254,9.13,9.2,9.0,9.05,105750
16.69,17.5,16.0,16.57,9164623,573.8,573.8,524.0,530.43,280080,1.64,1.65,1.52,1.58,513270,28.69,28.905,27.73,28.41,4934181,9.13,9.43,9.08,9.34,37993
17.25,18.94,16.85,18.74,9022679,536.99,585.5,535.73,581.96,290831,1.59,1.69,1.58,1.68,414063,28.31,28.87,28.05,28.62,5580532,9.4,9.57,9.2,9.54,37945
20.0,22.0,19.46,20.08,9861546,589.38,614.1,578.74,584.72,474618,1.72,1.77,1.57,1.64,1065961,29.33,31.56,28.9,31.48,5731296,9.74,9.74,9.09,9.24,47649
20.5,20.72,18.79,19.31,6151774,587.89,629.0,585.0,620.51,209632,1.72,1.96,1.67,1.85,1536036,31.45,34.49,31.1,33.79,4848893,9.2,9.68,9.2,9.65,30394
19.99,20.5,19.28,19.43,5812608,651.79,697.26,642.08,690.33,345581,1.8,1.93,1.71,1.74,670767,33.86,34.74,33.18,34.0,8285295,9.53,9.77,9.53,9.65,38218
19.0,19.24,18.3,18.66,4679865,676.57,705.0,672.18,700.5,271466,1.67,1.7,1.6,1.7,1057315,33.54,34.76,33.04,34.48,4762147,9.5,9.73,9.38,9.73,285715
18.79,18.86,17.03,17.1,7832066,713.99,748.84,709.3,741.42,316642,1.67,1.72,1.63,1.64,669919,34.5,35.41,34.42,35.24,6041503,9.7,10.0,9.63,9.83,50739
18.0,18.42,17.54,18.15,7054991,760.34,831.52,758.0,831.52,504792,1.6,1.8,1.6,1.77,675237,33.25,34.59,32.55,34.4,4846736,9.95,10.07,9.87,10.05,63221
17.7,19.2,17.12,18.12,7190311,824.8,905.0,823.0,887.56,499076,1.67,1.97,1.67,1.89,821777,34.27,35.79,34.2,35.24,4159584,10.04,10.06,9.73,10.03,37398
17.5,18.5,17.38,17.75,3720111,917.81,945.36,791.0,831.03,573361,1.82,1.99,1.82,1.94,1415953,34.28,35.59,34.19,35.16,4238247,10.0,10.03,9.55,9.74,46925
18.26,18.35,17.67,17.96,2929872,874.0,900.0,852.98,887.97,413717,2.01,2.2,1.99,2.14,1002495,36.17,37.69,36.15,37.57,4249929,9.86,10.05,9.835,10.01,78060
18.0,18.4,17.69,18.19,3334203,893.89,900.0,859.0,871.32,339521,2.19,2.23,2.05,2.08,691598,37.79,40.13,37.4,37.65,6386210,10.07,10.07,9.88,9.97,19207
18.25,18.65,17.9,18.24,3935329,875.2,918.53,854.14,908.61,331316,2.1,2.12,1.955,2.03,504077,38.26,38.88,37.75,38.21,6642239,9.9,10.05,9.85,9.99,32335
18.5,19.2,18.27,18.8,4357140,934.91,934.91,875.58,883.83,231622,1.99,2.1,1.97,2.07,364879,38.0,38.45,37.02,37.8,4009865,10.0,10.34,9.85,10.25,132220
19.25,21.1,19.11,20.6,7469354,886.26,894.21,853.75,886.43,293836,2.14,2.28,2.09,2.13,817242,36.99,37.96,36.28,37.73,4125794,10.34,10.52,10.22,10.48,74383
21.63,22.78,21.33,21.65,8025446,886.54,898.67,867.0,888.42,128643,2.2,2.32,2.19,2.29,1100600,37.06,37.66,36.05,36.88,6091333,10.57,10.73,10.44,10.7,137772
21.54,21.55,19.83,20.24,6947886,867.35,897.0,867.35,882.78,285130,2.37,2.43,2.22,2.26,1456960,36.17,36.92,35.31,35.83,7718234,10.75,10.84,10.62,10.69,69487
19.5,19.56,18.76,19.3,6436431,862.04,879.1,840.01,863.14,163071,2.21,2.24,2.09,2.15,1076828,35.3,38.15,35.28,37.87,4983568,10.61,10.61,10.25,10.32,48928
17.17,18.5,16.8,17.63,9564554,876.47,928.96,870.87,928.96,283631,2.1,2.35,2.1,2.31,1619645,38.49,39.07,37.96,38.79,4653790,10.29,10.5,10.29,10.4,41043
18.51,18.51,17.0,17.01,8096563,940.0,988.15,930.0,967.25,380863,2.5,2.72,2.39,2.41,2189597,38.25,39.73,37.79,39.66,6066823,11.1,11.1,10.58,10.69,98145
17.01,17.39,16.36,16.68,4954862,941.0,1043.0,941.0,1034.42,351398,2.47,2.48,2.185,2.19,1346031,39.29,39.59,37.35,37.52,4709372,10.8,11.04,10.68,10.88,185479
16.81,17.28,16.48,16.53,4998591,1014.8,1034.08,1001.5,1016.31,265390,2.28,2.34,2.14,2.14,778138,38.01,38.65,37.44,38.15,4144680,10.72,10.95,10.72,10.9,245534
16.76,17.05,16.6,17.05,4128253,984.8,1005.0,980.75,989.06,195441,2.18,2.22,2.1,2.12,905013,38.25,38.9,37.96,38.13,3881634,10.99,11.08,10.9,11.05,91750
16.86,16.89,16.13,16.3,4256006,985.19,1053.98,984.67,1050.02,246970,2.1,2.18,2.04,2.04,712378,38.04,38.29,36.35,36.49,5356809,11.07,11.24,11.05,11.15,115006
16.37,16.44,15.29,15.32,7357283,1078.71,1080.0,1042.41,1053.59,391004,2.06,2.18,1.97,1.98,1564349,36.97,37.37,36.43,36.6,3037301,11.3,12.25,11.3,11.84,322564
15.15,15.17,13.94,14.1,7663347,1050.0,1079.86,1012.16,1069.67,500450,1.99,2.04,1.81,1.91,847356,37.3,37.4,36.04,36.85,3572641,11.92,12.12,11.92,12.03,421759
13.58,15.38,12.8,15.22,9154474,1059.2,1068.0,1038.01,1059.5,167252,1.85,1.99,1.85,1.93,727313,36.9,38.51,36.85,38.11,4079625,11.98,12.05,11.85,12.0,209700
15.08,15.13,14.35,14.62,5179280,1061.87,1093.0,1060.0,1082.93,192309,1.94,2.03,1.93,1.98,689694,38.99,39.65,38.34,39.56,4502902,11.86,12.22,11.86,12.13,260863
16.0,16.86,15.46,16.73,8682412,1040.0,1060.81,991.5,1049.33,325411,2.14,2.14,1.99,2.01,1024586,38.11,39.27,38.11,39.16,4675103,12.34,12.5,12.25,12.4,339444
17.14,17.5,16.9,17.01,5323363,1064.21,1081.04,1044.63,1077.0,219519,2.04,2.13,2.04,2.11,1059785,39.3,39.38,37.82,37.85,5651428,12.49,12.5,12.35,12.45,419938
16.81,17.37,16.27,16.98,3677971,1100.14,1128.0,1090.0,1118.22,288258,2.11,2.13,2.04,2.07,1082838,37.54,37.54,35.67,36.61,4762362,12.57,12.57,12.41,12.51,288922
16.95,16.97,16.3,16.71,3572428,1127.23,1158.34,1116.21,1154.32,172136,2.05,2.12,2.04,2.08,747794,37.41,37.84,36.72,36.81,2599774,12.51,12.72,12.47,12.7,467868
17.0,17.2,16.66,16.76,2423418,1155.13,1206.08,1155.13,1187.98,120284,2.09,2.12,2.01,2.05,194137,36.59,37.26,36.55,36.81,938041,12.94,14.13,12.85,13.75,200983
17.19,18.24,17.16,17.67,7371951,1172.31,1172.31,1054.59,1057.37,360348,2.09,2.115,2.08,2.09,320831,35.76,35.8,33.85,34.03,4846444,14.24,14.31,13.22,13.3,273263
17.75,17.78,15.93,16.44,17431970,1037.45,1041.29,947.24,1032.28,587294,2.11,2.21,2.06,2.2,1106856,32.33,33.07,31.8,32.88,7521555,13.38,13.41,12.8,13.14,134076
16.7,16.77,15.95,16.0,11509385,1003.99,1060.0,1003.99,1027.49,486778,2.21,2.25,2.15,2.16,477920,33.7,34.09,32.8,33.01,5010887,13.1,13.4,13.04,13.3,136039
15.88,15.99,15.54,15.9,7199432,1042.0,1058.56,1020.0,1044.97,259636,2.15,2.15,2.06,2.1,532922,33.95,34.01,32.97,33.11,8959366,13.32,13.39,13.15,13.3,137227
15.99,16.57,15.61,16.41,6367971,1035.6,1035.6,1011.73,1030.23,103777,2.05,2.1,1.98,2.01,624765,33.13,33.61,32.9,33.6,3987290,13.44,13.44,13.08,13.1,119178
16.7,16.9,16.52,16.69,6789759,1030.23,1060.55,1005.0,1054.2,142578,2.0,2.12,2.0,2.1,984814,33.55,33.73,31.97,32.35,4436500,13.05,13.06,12.57,12.98,193917
17.03,18.5,16.88,18.37,12157442,1058.99,1058.99,1023.42,1029.33,123793,2.14,2.14,2.04,2.05,357768,31.54,32.07,30.72,31.27,5875689,13.01,13.01,12.9,12.98,89040
19.07,19.92,18.57,19.42,15276733,1031.21,1051.0,980.28,992.55,188467,2.06,2.08,2.01,2.04,304405,32.12,32.47,31.33,31.63,5204584,12.96,13.035,12.94,12.98,100394
21.94,22.5,19.95,20.29,19742537,972.99,995.15,943.74,978.32,191000,2.12,2.19,2.08,2.11,1110951,30.23,31.32,29.65,31.29,6138834,13.15,13.15,12.76,12.86,116317
21.9,23.55,21.05,23.39,16674725,961.0,977.44,948.56,975.75,295950,2.13,2.14,2.04,2.08,792201,31.03,31.5,30.65,31.49,4816717,13.02,13.02,12.37,12.46,101672
22.25,22.28,20.56,21.01,14740665,997.66,1013.25,988.05,992.92,265606,2.05,2.05,1.91,1.96,1282964,32.42,32.93,31.97,32.64,8639798,12.32,12.88,12.13,12.68,115347
20.5,20.68,19.01,19.51,12646157,1015.29,1017.25,980.34,994.7,195866,1.97,1.97,1.89,1.96,755969,33.17,33.63,31.66,33.58,5454389,12.77,12.77,12.49,12.55,93911
17.5,18.83,17.05,17.85,12470911,987.01,1033.3,985.83,988.02,326214,1.83,1.89,1.79,1.82,653945,34.18,34.96,32.22,33.01,6224603,12.58,12.63,12.15,12.4,165681
19.35,19.64,18.16,19.4,14378888,1010.0,1012.87,973.0,1009.23,268919,1.91,1.91,1.78,1.8,667762,33.49,33.77,32.61,32.74,4658054,12.44,12.7,12.43,12.55,101410
18.39,19.28,18.1,18.54,10437549,1053.97,1095.8,1053.49,1093.37,462464,1.76,1.82,1.64,1.77,1159973,32.06,33.69,31.47,33.61,3840388,12.47,12.75,12.34,12.65,164041
19.79,19.88,18.95,19.23,9399592,1097.75,1107.6,1067.05,1093.27,223790,1.85,1.86,1.74,1.75,791548,33.16,33.71,32.77,32.88,4272427,12.86,12.92,12.685,12.72,97228
19.0,19.18,18.64,18.75,5020352,1101.25,1121.71,1099.01,1109.84,223152,1.75,1.75,1.61,1.65,1956480,33.1,33.59,32.72,32.9,2977653,12.81,13.18,12.79,12.9,123149
18.5,19.19,18.34,18.81,4773201,1130.94,1181.37,1127.21,1174.98,286251,1.63,1.71,1.63,1.64,269087,32.75,33.16,32.36,32.69,3806450,12.88,13.04,12.78,12.98,72183
19.15,19.15,18.14,18.4,5516549,1188.39,1215.0,1174.98,1204.74,939749,1.67,1.69,1.57,1.59,695275,32.95,33.76,32.71,33.25,20832708,13.01,13.5,12.92,13.5,396243
18.14,18.67,17.78,18.54,3811777,1206.16,1235.0,1206.16,1225.0,279529,1.6,1.62,1.54,1.56,496666,34.13,35.03,33.92,34.45,8576795,13.5,13.55,13.25,13.4,125178
18.7,18.87,17.95,18.0,6302357,1245.0,1253.41,1227.0,1234.0,364109,1.59,1.67,1.57,1.63,825529,34.99,35.36,34.5,34.81,3355967,13.42,13.62,13.38,13.53,232471
17.77,17.8,17.05,17.19,5681788,1234.22,1253.2,1182.73,1220.97,192478,1.6,1.64,1.58,1.63,274075,34.8,35.61,34.5,35.05,4615736,13.47,13.6,13.43,13.5,765395
16.97,17.66,16.75,17.1,5068291,1211.78,1252.0,1193.18,1251.01,165923,1.6,1.65,1.54,1.64,317905,35.1,35.23,34.57,35.11,2367604,13.48,13.66,13.27,13.55,1018900
17.08,17.18,16.55,16.7,4187352,1251.01,1267.09,1227.21,1242.59,190718,1.62,1.62,1.51,1.58,704282,34.97,35.47,34.5,35.36,3087356,13.55,13.69,13.43,13.6,301354
16.84,17.69,16.38,17.48,5084406,1253.36,1263.04,1201.0,1263.04,197591,1.56,1.69,1.55,1.67,705339,35.6,35.83,35.25,35.8,2861736,13.66,13.66,13.43,13.6,121639
17.38,17.46,16.75,16.95,5011477,1263.0,1301.77,1261.43,1289.77,195039,1.67,1.72,1.62,1.66,1640824,35.68,36.74,35.37,36.53,3727898,13.69,13.9,13.6,13.81,124480
17.26,17.4,17.07,17.13,4269568,1410.79,1440.0,1392.0,1397.61,206494,1.66,1.72,1.65,1.68,434544,36.14,36.71,35.66,35.66,3469430,13.94,14.05,13.83,13.94,135395
17.15,17.31,17.02,17.21,1138989,1406.01,1409.2,1377.11,1388.0,45787,1.69,1.71,1.68,1.71,222881,35.86,35.86,35.21,35.55,678616,14.01,14.33,13.93,14.12,69361
17.4,17.54,16.8,16.92,3888297,1418.01,1431.78,1333.41,1334.82,222543,1.74,1.8,1.7,1.8,708753,36.17,36.53,35.71,36.02,3075272,14.28,14.49,14.14,14.4,217465
16.71,16.73,16.11,16.21,5308219,1335.0,1413.0,1319.68,1376.49,226255,1.81,1.84,1.71,1.73,732801,36.0,36.94,35.75,36.77,3058892,14.46,14.62,14.42,14.5,149596
16.09,16.58,15.92,16.57,4509872,1394.49,1403.1,1355.8,1372.88,94414,1.74,1.75,1.66,1.66,308283,37.29,37.85,37.0,37.5,3958326,14.69,14.7,14.38,14.42,84658
16.52,16.86,15.9,16.2,4656555,1384.86,1427.65,1378.14,1412.79,217362,1.67,1.72,1.62,1.65,729790,37.79,37.9,36.65,37.5,3186770,14.44,14.59,14.32,14.48,120296
16.11,16.635,16.01,16.17,4056597,1417.99,1417.99,1382.12,1402.41,149747,1.66,1.69,1.65,1.68,654398,37.54,37.85,36.65,36.82,3035276,14.41,14.52,14.26,14.48,130531
16.31,16.78,15.95,16.36,4404440,1409.81,1457.9,1288.65,1315.14,335617,1.69,1.71,1.63,1.64,202474,37.19,37.45,35.45,35.57,3396364,14.57,14.81,14.53,14.55,162473
16.16,16.28,15.96,15.99,4061976,1315.47,1355.0,1230.0,1325.16,392103,1.64,1.735,1.62,1.72,917341,35.44,36.86,35.38,36.83,4098842,14.56,14.79,14.51,14.66,111051
16.43,18.45,16.37,18.2,11781493,1327.1,1331.11,1263.62,1295.3,321014,1.75,1.75,1.67,1.73,739375,36.49,36.63,35.73,36.6,4274613,14.75,14.93,14.75,14.91,195123
17.56,17.73,17.05,17.48,6912878,1278.12,1285.46,1240.01,1255.5,176273,1.72,1.73,1.63,1.65,1048176,36.23,36.63,35.78,36.27,4029989,14.95,14.96,14.54,14.62,111666
17.61,17.7,16.9,16.93,3903022,1266.29,1276.0,1230.47,1261.35,184873,1.66,1.68,1.61,1.64,853183,36.59,37.21,36.34,37.08,3356021,14.65,14.96,14.58,14.93,177883
17.0,17.18,16.58,16.98,2928643,1260.99,1369.0,1246.555,1368.0,168135,1.62,1.63,1.575,1.59,450568,37.45,38.14,37.41,38.05,4220160,15.04,15.505,15.0,15.43,389090
17.14,17.28,16.95,16.97,3099197,1378.79,1379.98,1276.0,1280.8,231582,1.64,1.65,1.61,1.63,902200,38.87,38.87,37.89,37.99,4211140,16.23,16.23,15.33,15.5,171360
16.93,17.19,16.83,16.84,2693638,1300.54,1316.2,1262.74,1282.4,131089,1.63,1.66,1.59,1.65,1567758,38.48,38.51,37.78,38.25,3614836,15.63,15.63,15.31,15.4,111902
16.84,17.08,16.52,16.82,3170191,1295.17,1312.09,1224.71,1244.46,224411,1.64,1.66,1.59,1.62,1167779,38.29,38.62,36.96,37.46,5234640,15.46,15.53,15.11,15.25,127226
16.7,16.72,16.33,16.47,2672820,1215.0,1261.55,1190.0,1247.01,149942,1.62,1.65,1.62,1.64,869792,37.83,38.22,37.66,38.18,4371672,15.27,15.27,14.27,14.85,189531
16.44,16.47,16.15,16.33,1903581,1274.08,1305.62,1258.0,1305.25,127252,1.65,1.65,1.59,1.59,239445,39.51,40.41,39.4,39.98,4999099,14.85,15.19,14.71,15.18,85580
16.18,16.98,16.16,16.73,3789970,1347.2,1356.51,1306.72,1308.95,223598,1.6,1.61,1.54,1.57,393844,39.5,40.03,39.08,39.49,5133298,15.18,15.29,15.12,15.15,84220
16.75,16.87,16.3,16.36,2467778,1469.8,1472.98,1388.0,1401.23,336077,1.56,1.65,1.54,1.64,502463,39.86,39.86,37.96,38.35,4949005,15.16,15.57,15.15,15.51,113236
16.17,16.24,16.0,16.09,3516767,1390.0,1428.0,1348.93,1412.98,170865,1.63,1.63,1.57,1.6,134477,37.41,38.38,36.98,38.04,4581154,15.47,15.53,15.05,15.47,59751
16.0,16.05,15.02,15.11,7404525,1439.8,1439.99,1359.16,1369.78,197222,1.58,1.62,1.55,1.6,328199,38.5,38.93,37.95,38.71,5139943,15.48,15.91,15.42,15.84,133448
15.44,15.76,15.03,15.12,5615796,1438.0,1450.6,1414.83,1435.56,217211,1.61,1.745,1.61,1.73,386053,38.47,39.76,38.01,39.71,5133773,16.01,16.15,15.71,15.84,100453
15.37,15.84,15.02,15.72,4774689,1431.19,1467.0,1420.0,1453.62,185924,1.78,1.82,1.69,1.74,536402,40.5,40.62,39.2,39.6,5199925,15.89,16.02,15.76,16.02,160192
15.83,16.09,15.51,15.95,4358341,1453.62,1456.0,1422.55,1446.6,110593,1.74,1.78,1.71,1.78,272640,40.1,40.1,38.71,39.27,4270117,16.09,16.6,15.98,16.55,203652
15.91,15.95,15.58,15.73,2837518,1449.56,1462.0,1381.8,1408.04,152513,1.77,1.84,1.75,1.78,607238,38.77,39.25,38.1,38.56,3402380,16.8,16.89,16.02,16.32,195042
15.9,16.64,15.76,16.23,6269743,1414.32,1420.0,1320.0,1343.08,360032,1.83,1.95,1.8,1.9,1197703,39.21,39.93,38.22,38.32,5783495,16.48,16.48,15.7,15.96,143160
16.87,17.0,16.5,16.69,6187381,1322.64,1347.0,1285.0,1295.63,202234,1.95,2.04,1.93,1.97,2392098,35.8,36.68,34.36,34.87,9309894,15.88,15.88,14.71,15.28,199901
16.9,16.99,16.42,16.95,4690555,1297.25,1335.48,1297.25,1311.64,169263,2.02,2.045,1.96,2.02,311968,35.7,35.88,34.6,34.72,6139624,15.1,15.93,15.1,15.56,132892
16.82,17.49,16.75,17.08,4961821,1325.5,1351.98,1306.59,1322.51,127212,2.03,2.08,1.99,2.0,260445,35.12,36.25,35.04,35.92,4052944,15.63,15.78,15.28,15.68,108125
16.95,17.11,16.68,16.85,2996922,1322.98,1333.0,1298.34,1308.36,165872,2.03,2.18,2.01,2.18,959553,35.92,36.05,35.2,35.79,3594690,15.72,15.72,15.19,15.28,86246
16.92,16.93,16.11,16.18,4120379,1327.99,1345.68,1317.45,1336.03,126057,2.2,2.2,2.11,2.14,326568,39.32,39.95,38.76,39.84,7996525,15.23,15.45,15.03,15.17,120446
16.21,16.35,15.79,15.87,3298819,1348.45,1354.1,1310.54,1348.61,148748,2.18,2.27,2.15,2.17,642432,41.09,41.09,39.26,39.59,5222728,15.14,15.62,15.02,15.58,183730
15.87,16.62,15.86,16.39,4428741,1344.59,1369.1,1318.48,1335.12,127797,2.19,2.19,2.12,2.14,774311,39.4,39.83,38.04,38.26,10892660,15.62,15.79,15.47,15.62,95996
16.1,16.34,15.95,16.18,2369618,1330.0,1375.85,1323.38,1370.14,144904,2.12,2.17,2.11,2.16,1229455,38.47,39.51,38.26,39.51,4408416,15.56,15.71,15.51,15.64,110941
16.1,16.38,15.9,15.99,2594790,1370.34,1380.0,1340.0,1346.76,125252,2.14,2.18,2.07,2.12,756510,39.17,39.33,38.28,38.6,5282107,15.6,15.6,15.33,15.46,81807
16.2,17.0,16.15,16.97,7138499,1366.79,1367.0,1309.0,1320.93,154071,2.12,2.24,2.09,2.22,446118,39.16,39.26,38.27,38.27,3317799,15.56,15.6,15.13,15.25,107354
17.1,17.33,16.47,16.68,4660719,1303.73,1369.55,1303.73,1365.11,183718,2.23,2.38,2.22,2.31,639874,38.06,38.19,37.12,37.85,3690785,15.24,15.6,15.1,15.17,233163
16.69,16.755,16.36,16.5,3812658,1375.53,1464.1,1375.52,1434.41,274582,2.34,2.38,2.2,2.25,595688,37.52,38.66,37.42,38.66,4833235,15.18,15.71,15.1,15.55,184601
16.78,17.3,16.71,17.19,9343146,1426.99,1429.1,1377.87,1380.2,213723,2.24,2.26,2.15,2.21,555905,39.13,39.2,37.21,37.48,5986571,15.5,15.98,15.31,15.87,227913
17.3,17.99,17.3,17.99,8387496,1398.21,1413.09,1361.59,1362.43,176825,2.22,2.23,2.2,2.21,2062545,38.11,38.72,38.02,38.26,12395100,15.91,16.06,15.72,16.02,143166
17.98,18.2,17.5,17.6,6091838,1358.89,1397.2,1350.0,1393.23,377758,2.21,2.21,2.15,2.17,288732,38.49,39.07,38.26,38.64,5127409,16.01,16.06,15.79,16.0,156189
17.44,17.83,17.1,17.6,4923998,1402.96,1493.6,1402.62,1487.02,316751,2.16,2.21,2.15,2.17,599511,39.4,39.49,37.89,38.34,4586459,15.84,16.52,15.84,16.52,159280
17.65,18.12,17.44,18.1,4126410,1502.0,1502.0,1390.78,1401.72,329204,2.17,2.2,2.0,2.08,1124917,38.08,38.7,37.43,38.64,4978041,16.55,16.85,16.41,16.75,238253
18.18,18.97,17.9,17.95,8886479,1373.78,1384.43,1310.0,1330.15,326196,2.06,2.1,2.0,2.0,1112698,38.52,38.87,37.61,38.36,5331896,16.8,16.8,15.54,16.07,252064
18.3,18.9,18.16,18.63,7682477,1309.79,1332.56,1178.39,1270.0,451230,2.02,2.07,1.97,1.99,1045852,38.0,38.23,36.89,37.9,5913317,15.9,15.9,14.56,14.8,275206
18.32,18.65,17.86,18.21,5469262,1214.79,1255.28,1195.04,1214.48,328398,1.95,1.95,1.83,1.84,656215,37.52,39.39,37.29,38.65,6308545,14.51,14.67,13.9,14.23,271003
18.3,18.55,17.59,17.82,4557664,1253.63,1281.98,1230.38,1250.26,206776,1.87,1.91,1.83,1.86,497537,39.04,40.35,38.96,40.11,6088561,14.26,14.62,14.16,14.24,190700
17.99,18.435,17.78,17.81,4522536,1271.01,1281.63,1220.43,1233.88,165741,1.85,1.87,1.76,1.79,1436846,40.5,40.54,39.53,39.7,4496381,14.21,14.29,13.36,13.44,206184
17.96,18.08,17.55,17.75,3645962,1240.24,1247.47,1185.94,1207.53,199094,1.8,1.91,1.785,1.8,698437,39.91,40.29,39.11,39.24,3868333,13.34,13.89,13.34,13.7,198891
17.99,18.36,17.86,18.07,3636651,1224.89,1246.11,1211.35,1231.22,187633,1.83,1.87,1.8,1.82,302507,39.76,39.9,38.99,39.46,4014587,13.7,13.84,13.05,13.26,250096
18.13,18.33,17.925,17.94,2558708,1232.74,1254.87,1217.01,1226.9,159543,1.85,1.91,1.82,1.88,632811,39.9,40.16,39.33,39.53,4241088,13.25,13.66,13.24,13.33,191744
18.05,19.48,18.05,18.97,7965069,1230.2,1235.0,1166.06,1166.53,243206,1.88,1.96,1.86,1.89,1751264,39.91,39.95,39.05,39.49,5710138,13.35,13.61,13.16,13.3,284838
18.56,19.22,18.53,19.05,4332329,1134.21,1152.94,1109.41,1143.7,277384,1.85,1.9,1.78,1.8,1302307,38.99,39.05,38.07,38.18,6024594,13.21,13.88,13.2,13.66,389434
18.88,19.0,17.88,17.98,6442712,1165.63,1196.28,1144.28,1190.0,741254,1.8,1.85,1.75,1.75,1643603,38.64,38.93,38.02,38.02,11985094,13.77,14.82,13.65,14.63,1008172
17.41,17.45,16.38,16.51,6301862,1162.99,1236.46,1162.99,1234.73,163571,1.74,1.75,1.66,1.71,494813,37.45,38.07,37.02,37.44,3497938,14.6,14.6,13.71,14.1,231743
16.67,16.95,16.26,16.5,3793341,1256.36,1272.43,1202.36,1268.4,210439,1.73,1.75,1.68,1.71,217215,37.62,38.12,37.41,37.75,3364999,14.27,14.65,14.1,14.55,303832
16.63,16.88,16.0,16.01,4436355,1267.64,1274.13,1218.6,1229.79,150877,1.76,1.89,1.75,1.78,1984979,37.41,37.56,36.11,36.17,5189715,14.78,14.78,13.96,14.07,243557
15.95,16.12,15.32,16.04,4652726,1211.0,1240.0,1199.3,1212.96,157475,1.78,1.85,1.74,1.81,1791986,35.94,37.02,35.94,36.91,5381793,14.02,14.34,13.91,14.14,139229
16.09,16.12,15.59,15.8,3728484,1217.52,1286.82,1217.52,1286.82,177014,1.8,1.855,1.76,1.77,520340,36.77,37.29,36.5,37.08,3017719,14.24,15.27,14.08,15.2,333598
16.16,16.16,15.82,15.87,3448135,1299.99,1313.75,1272.36,1290.74,236175,1.79,1.925,1.79,1.87,1019586,37.42,37.49,36.73,37.15,4711770,15.39,15.52,15.0,15.25,239470
15.83,15.895,15.21,15.28,4469860,1295.21,1379.0,1287.3,1368.0,365838,1.87,1.87,1.79,1.8,474494,37.38,38.15,37.29,37.87,3076340,15.42,16.21,15.35,15.92,219967
15.35,16.16,15.33,15.69,4868848,1391.89,1394.93,1352.41,1361.69,380991,1.8,1.85,1.75,1.75,844026,37.62,37.81,37.18,37.4,5605230,16.05,16.66,15.94,16.17,295188
15.56,15.98,15.32,15.95,4081942,1373.0,1411.62,1366.34,1401.09,216923,1.75,1.8,1.72,1.75,620633,37.79,37.96,37.37,37.52,3623327,16.36,16.59,16.27,16.56,223103
15.5,15.77,15.47,15.64,3524361,1359.01,1402.06,1356.56,1371.56,210216,1.71,1.77,1.71,1.73,280785,37.55,37.83,37.03,37.11,3767196,16.46,16.53,16.22,16.33,177964
15.78,15.82,15.32,15.5,2596022,1373.94,1413.61,1346.14,1413.28,227356,1.79,1.835,1.73,1.81,265001,37.18,38.13,37.14,37.63,5473827,16.49,16.49,16.14,16.37,105054
15.72,15.88,15.52,15.52,5038111,1410.84,1435.4,1371.6,1386.05,199852,1.85,1.87,1.78,1.79,473200,37.66,37.84,35.95,35.95,5448065,16.49,16.57,16.37,16.43,234601
15.76,16.28,15.67,16.1,4465902,1405.55,1430.0,1393.49,1427.6,189737,1.82,1.87,1.805,1.82,676598,36.35,36.56,35.67,35.76,3652787,16.56,16.565,16.38,16.4,196447
16.32,16.82,16.06,16.76,4087875,1435.72,1435.72,1398.9,1411.27,204766,1.85,1.96,1.82,1.93,574765,35.98,36.44,35.63,36.02,4969308,16.53,16.61,16.41,16.47,129993
16.8,16.8,16.06,16.09,4314594,1412.99,1443.0,1408.19,1438.68,192533,1.97,2.02,1.86,2.02,1208609,36.51,36.82,36.12,36.81,3390087,16.65,16.65,16.45,16.65,358273
16.3,16.33,15.58,15.78,3361206,1439.02,1458.1,1426.51,1455.95,206914,2.04,2.13,2.01,2.06,384327,36.6,36.86,35.7,36.75,3638125,16.85,17.74,16.65,17.64,713628
15.83,16.16,15.73,15.76,2691856,1463.99,1464.99,1405.51,1424.63,204080,2.07,2.08,1.99,2.08,755784,37.07,37.55,36.725,37.21,4362990,17.66,17.69,17.5,17.61,321457
15.59,15.6,15.21,15.52,3627649,1399.01,1430.92,1384.9,1425.36,173962,2.03,2.13,2.01,2.11,1458926,36.94,37.14,36.53,36.68,3603513,17.43,18.05,17.405,18.03,482875
15.6,15.7,15.405,15.52,2239856,1430.41,1456.69,1404.59,1407.9,137608,2.16,2.16,2.08,2.12,595975,36.7,36.84,36.3,36.34,2364693,18.19,18.53,17.38,17.38,1384100
15.6,16.21,15.38,15.61,4163876,1409.8,1434.27,1391.43,1397.76,136045,2.14,2.24,2.11,2.18,598389,36.63,36.78,35.58,35.58,2985451,17.6,18.25,17.57,17.96,450640
15.75,16.035,15.65,15.91,3089858,1412.63,1420.44,1374.35,1388.86,156945,2.2,2.36,2.17,2.3,1711853,35.67,35.94,35.275,35.49,2945895,18.05,18.07,17.32,17.62,269030
15.87,15.89,15.47,15.67,3351513,1389.31,1402.0,1338.0,1341.62,144163,2.32,2.45,2.295,2.36,1217426,35.8,36.08,35.59,35.96,2944738,17.62,17.8,17.22,17.29,185976
15.74,16.81,15.73,16.77,7777840,1349.3,1359.0,1303.33,1322.31,178204,2.33,2.4,2.3,2.37,696782,35.6,35.64,34.92,35.33,3205669,17.25,17.26,16.61,16.92,190031
16.89,17.31,16.61,16.99,6042798,1312.36,1348.76,1309.0,1348.76,114615,2.39,2.39,2.26,2.28,344741,35.27,35.42,35.0,35.21,2639173,16.77,16.82,15.8,16.0,301204
16.7,16.7,15.74,15.96,5621196,1348.68,1375.07,1333.26,1369.86,162056,2.24,2.275,2.17,2.19,386141,35.11,35.83,35.05,35.13,2857650,15.68,15.87,15.44,15.79,315760
15.89,16.18,15.575,15.6,3470653,1402.21,1432.61,1392.8,1420.68,200486,2.24,2.31,2.2,2.22,733251,35.13,35.72,34.96,35.66,2819182,16.16,16.31,15.78,15.9,303114
15.4,15.45,14.94,15.01,5922078,1397.76,1410.0,1353.895,1364.41,222357,2.19,2.2,2.11,2.12,511448,35.07,35.25,34.24,34.46,11548483,15.67,15.92,14.75,15.22,476089
15.0,15.21,14.72,15.08,3191547,1405.79,1410.1,1296.41,1296.41,290218,2.1,2.26,2.03,2.25,636362,34.3,35.44,34.2,34.89,3305568,15.25,16.33,15.25,16.33,162736
14.99,15.08,14.5,14.73,4300614,1292.2,1309.0,1209.52,1228.23,260191,2.15,2.22,2.1,2.2,1808686,35.1,35.66,34.33,35.62,4071731,16.0,16.2,14.75,15.08,346543
14.86,15.0,14.48,14.98,3264058,1242.8,1264.9,1191.19,1210.74,196348,2.21,2.24,2.16,2.19,304437,35.87,35.98,35.2,35.92,3046150,15.1,15.24,14.8,15.08,241611
15.25,15.34,14.89,15.0,2799842,1207.82,1252.8,1199.99,1237.01,177947,2.23,2.27,2.18,2.19,1263626,36.13,36.7,35.77,36.52,2828663,16.0,16.0,14.62,14.7,193267
15.02,15.3,14.66,15.22,2714124,1289.01,1321.0,1263.7,1303.72,260188,2.21,2.24,2.15,2.19,225105,36.51,36.91,35.68,35.68,7498976,15.27,15.42,15.0,15.4,301718
15.31,16.45,15.3,16.36,5641310,1348.98,1354.0,1312.94,1352.84,191241,2.2,2.27,2.2,2.25,278510,37.06,38.55,37.06,38.48,6104285,15.33,15.81,15.15,15.75,251582
16.2,16.38,15.78,15.82,3174806,1340.21,1361.61,1314.1,1361.45,148020,2.25,2.26,2.17,2.21,376846,38.76,38.76,37.47,37.62,6194922,15.78,15.78,15.07,15.32,132316
19.44,20.41,18.0,20.35,27158386,1284.67,1284.67,1168.53,1173.53,442119,2.28,2.37,2.165,2.18,861336,35.33,35.53,33.85,34.85,9867751,15.45,15.51,14.52,14.71,251116
19.59,20.5,18.87,20.12,9867015,1175.48,1200.52,1140.0,1154.97,394763,2.19,2.24,2.13,2.19,668156,35.1,35.13,33.79,33.79,6251775,14.55,14.57,13.1,13.55,1175003
19.98,20.38,19.11,19.22,6208847,1175.43,1238.62,1174.63,1237.79,162805,2.22,2.28,2.18,2.23,393294,33.65,33.725,33.1,33.68,4498436,13.53,14.4,13.53,14.15,401157
18.9,19.13,18.49,18.57,5061099,1242.74,1252.74,1210.81,1213.83,183407,2.23,2.23,2.07,2.1,678281,34.11,34.45,33.93,33.98,3960854,14.2,14.2,13.65,13.65,229441
18.57,19.49,18.57,19.41,4379590,1225.5,1231.88,1195.0,1205.13,144498,2.11,2.17,2.1,2.1,521629,34.57,34.6,34.01,34.01,3130282,13.53,14.09,13.5,13.62,176066
20.88,20.93,19.8,20.28,8266616,1169.4,1203.9,1151.02,1203.83,178855,2.2,2.2,2.04,2.07,889510,33.71,34.02,33.35,33.84,5237465,13.55,13.55,13.15,13.25,247261
19.94,20.96,19.87,20.77,6818124,1203.07,1215.68,1185.42,1192.72,141347,2.05,2.11,2.03,2.11,697154,33.75,33.9,33.18,33.2,3661236,13.15,13.25,13.05,13.1,197430
21.1,21.82,21.01,21.6,8365365,1192.38,1221.56,1184.33,1218.16,139711,2.11,2.16,2.06,2.07,606117,33.05,33.11,31.93,31.99,5603945,13.1,13.15,12.45,12.47,492158
21.67,22.0,21.1,21.68,6455181,1239.23,1283.33,1230.0,1262.0,190978,2.07,2.08,1.99,1.99,684283,31.66,31.99,31.38,31.56,4147565,12.25,12.5,12.25,12.44,344059
21.7,21.97,20.95,21.01,5459333,1273.77,1305.94,1270.0,1294.67,189587,1.98,2.04,1.95,1.97,722101,31.8,32.14,31.64,31.75,4669494,12.4,13.0,12.33,12.88,375398
21.29,21.79,21.02,21.69,6276316,1288.91,1293.81,1262.14,1280.3,267677,2.01,2.14,1.99,2.14,673518,31.56,31.58,30.27,30.38,6417967,13.52,13.54,12.83,13.09,521961
22.34,24.0,22.3,23.57,11894701,1285.69,1286.0,1255.0,1263.38,205144,2.17,2.28,2.16,2.19,1254241,29.43,30.37,29.43,29.59,8496818,13.36,13.36,12.82,12.95,326642
23.5,24.0,22.6,23.73,7166224,1265.01,1327.0,1265.01,1317.09,270876,2.2,2.2,2.13,2.15,894939,30.14,30.14,29.45,29.8,7266940,13.14,13.29,12.92,13.2,374956
23.71,23.99,23.51,23.82,2225505,1329.99,1345.0,1320.5,1337.18,69970,2.16,2.18,2.14,2.16,107823,30.16,30.25,29.84,30.25,1244238,13.33,13.33,13.1,13.23,96466
23.91,25.95,23.8,24.86,9619740,1343.18,1355.77,1310.99,1343.0,118171,2.16,2.17,2.12,2.12,239430,29.33,29.5,28.84,29.45,4329759,13.24,13.32,13.13,13.22,96920
25.5,25.6,23.95,24.7,8967854,1360.0,1420.0,1340.32,1397.77,367619,2.13,2.15,2.06,2.06,493770,29.11,30.14,28.95,29.81,8535805,13.21,13.46,13.16,13.37,1049865
25.06,25.32,24.72,25.11,6342087,1402.11,1409.32,1365.0,1383.86,280806,2.09,2.09,2.0,2.06,515572,30.92,31.11,30.41,30.86,5407273,13.5,13.5,13.11,13.2,260348
25.17,26.06,24.99,25.89,7100811,1365.96,1401.71,1340.0,1396.49,191569,2.05,2.145,2.04,2.09,760446,31.14,31.16,30.55,30.99,4931941,13.23,13.3,12.98,13.14,278078
26.5,27.5,26.23,27.25,9729532,1399.79,1433.0,1365.61,1369.82,273244,2.08,2.1,1.93,1.93,1413966,31.27,31.27,30.19,30.39,4151967,13.28,13.5,13.21,13.22,207147
27.95,28.24,27.47,27.5,8084565,1372.14,1381.15,1344.0,1346.74,138617,1.95,2.0,1.93,1.96,586897,30.45,30.48,29.72,30.01,4936768,13.3,13.3,13.03,13.12,148513
27.7,27.79,26.73,27.04,6444469,1352.07,1392.0,1352.0,1385.74,153226,1.93,1.93,1.81,1.84,1654680,29.98,30.96,29.98,30.66,9286994,13.09,13.42,13.05,13.23,269416
26.9,27.74,26.74,27.34,6016910,1386.43,1415.0,1384.0,1411.9,168520,1.85,1.86,1.81,1.81,487830,30.85,30.86,30.38,30.63,2443827,13.17,13.33,13.06,13.29,264624
27.55,27.64,25.76,26.19,9939887,1400.21,1409.85,1320.58,1326.95,258901,1.87,1.87,1.77,1.79,925836,30.37,30.475,29.73,29.92,4286508,13.25,13.32,13.03,13.06,260471
25.7,26.68,25.19,26.43,5751563,1300.01,1365.5,1299.99,1359.93,140309,1.8,1.91,1.78,1.84,1021120,29.95,30.04,29.26,29.38,3367995,13.02,13.16,12.92,12.94,172745
26.23,26.47,25.47,26.16,5966507,1364.79,1374.92,1326.3,1349.66,145624,1.85,1.85,1.78,1.8,980254,29.5,29.75,29.17,29.23,3153097,12.98,13.3,12.67,13.25,227652
26.61,27.03,26.05,26.1,5155821,1353.09,1377.59,1324.51,1350.26,188089,1.85,1.85,1.74,1.76,982415,29.15,29.35,28.595,28.62,4858522,13.13,13.56,13.13,13.5,188747
26.13,26.56,25.4,26.34,4768899,1340.21,1382.73,1339.0,1361.57,199589,1.74,1.81,1.74,1.79,1115851,29.12,29.51,28.83,29.01,3859037,13.4,14.16,13.4,13.99,246674
25.15,25.23,23.65,23.69,15556209,1364.81,1484.11,1364.81,1474.68,356306,1.79,1.82,1.77,1.77,591524,29.32,29.5,28.95,29.42,5428450,14.18,14.41,13.86,14.29,215729
23.8,24.09,23.4,23.64,6167535,1480.0,1534.25,1465.92,1506.77,325679,1.8,1.8,1.76,1.76,478575,30.02,30.52,29.77,30.04,6342756,14.5,14.85,14.25,14.8,174229
23.66,23.66,23.0,23.06,6140896,1505.67,1509.99,1484.96,1500.92,633235,1.78,1.81,1.77,1.77,916666,30.2,30.21,29.72,29.75,13678392,14.89,15.28,14.53,15.0,922038
21.25,22.86,21.03,22.5,9757571,1485.2,1545.0,1474.56,1537.44,204346,1.75,1.795,1.7,1.78,2161520,29.94,30.07,29.48,29.59,3959021,15.05,15.23,14.5,15.17,261936
22.49,22.68,21.57,22.07,5284496,1551.11,1658.79,1548.0,1649.23,289567,1.81,1.82,1.77,1.78,1267672,29.65,29.73,28.755,29.04,3344643,15.26,15.87,15.17,15.84,173903
22.16,23.5,22.15,23.1,5604550,1630.21,1640.0,1539.78,1542.46,307817,1.78,1.82,1.77,1.78,4134576,29.1,29.62,29.06,29.39,2337302,15.84,15.85,15.01,15.1,154765
23.35,23.38,22.61,22.87,2024684,1556.11,1590.0,1553.11,1568.19,91107,1.78,1.78,1.75,1.75,678584,29.28,29.56,29.17,29.37,1442203,15.07,15.31,14.85,15.19,95652
23.35,23.48,22.9,22.98,4195277,1498.62,1535.97,1470.19,1500.33,246723,1.75,1.76,1.67,1.7,907299,29.49,29.78,29.11,29.36,3884320,15.0,15.41,14.98,15.28,155602
23.14,23.98,23.02,23.17,5757781,1507.71,1510.0,1464.64,1482.48,106923,1.7,1.72,1.69,1.7,1513649,29.42,29.71,29.24,29.66,2825639,15.28,15.35,15.05,15.26,105465
23.18,23.28,22.63,22.77,3409768,1481.12,1481.12,1436.55,1437.32,146898,1.7,1.75,1.69,1.71,902033,29.58,29.6,28.91,29.0,3660925,15.28,15.28,14.9,15.15,82977
22.95,23.12,21.73,22.11,4240979,1452.5,1453.06,1378.68,1396.19,160872,1.75,1.8,1.7,1.7,639431,30.28,31.695,30.02,31.49,6657472,15.25,15.39,14.81,15.09,259074
21.78,23.29,21.75,23.01,4751908,1400.99,1417.57,1383.82,1412.56,159739,1.72,1.82,1.72,1.77,1232940,31.85,31.85,30.52,30.77,5563878,15.09,15.35,14.89,15.35,119621
23.11,23.47,22.53,22.72,4546801,1393.25,1406.43,1368.57,1376.05,176251,1.77,1.79,1.74,1.74,694284,30.68,31.12,30.39,31.06,4862012,15.32,15.32,14.88,14.92,148350
22.95,23.42,22.84,23.2,4569963,1410.41,1473.76,1402.29,1470.9,182017,1.77,1.84,1.77,1.79,1607757,31.25,31.525,30.86,31.41,3904818,14.92,15.37,14.92,15.16,114553
23.29,23.48,22.67,22.84,3400599,1491.22,1516.72,1465.26,1516.72,207775,1.8,1.82,1.78,1.79,1330951,30.73,30.85,29.97,30.44,5134742,15.17,15.34,15.01,15.31,106850
22.5,22.78,22.39,22.39,3104399,1500.01,1558.5,1490.0,1502.41,181941,1.77,1.8,1.74,1.79,468694,30.15,30.48,29.99,30.03,4859874,15.15,17.09,15.14,17.02,358535
22.51,23.24,22.26,23.13,3645423,1524.43,1538.99,1489.0,1512.66,124893,1.83,2.11,1.83,2.1,3198490,30.1,30.2,29.575,29.95,4522121,17.28,17.69,16.7,17.33,245667
23.09,23.19,22.64,22.99,3290043,1520.09,1526.5,1490.55,1523.56,121464,2.12,2.26,2.07,2.24,2384907,30.12,30.39,29.935,29.95,3177953,17.3,17.61,17.21,17.37,199776
23.0,24.35,23.0,23.89,6969601,1560.21,1560.22,1479.43,1488.68,231369,2.21,2.29,2.16,2.22,1205428,29.89,30.32,29.76,29.91,3226362,17.59,17.59,16.64,17.04,215482
23.65,23.75,22.85,22.92,5914343,1505.38,1517.15,1465.16,1490.95,99026,2.2,2.27,2.15,2.26,700079,30.02,30.16,29.425,29.46,3259121,16.99,17.6,16.21,16.21,824085
23.04,23.33,22.96,22.97,1748294,1470.01,1536.71,1470.0,1517.12,67169,2.24,2.24,2.07,2.13,565819,29.74,29.83,29.5,29.59,814411,16.4,16.51,15.75,16.4,196846
23.2,23.4,22.95,23.05,3582055,1511.84,1516.28,1464.0,1494.39,159651,2.15,2.2,2.1,2.1,575969,29.73,29.89,29.46,29.81,3225651,16.43,17.16,16.2,17.12,209754
23.2,23.55,22.88,22.89,3488003,1495.16,1535.66,1492.74,1517.39,137534,2.1,2.12,2.06,2.1,1350179,30.15,30.33,29.89,30.13,4030888,17.26,17.32,16.85,17.26,258165
22.89,22.96,21.81,22.03,6739531,1526.0,1532.99,1491.21,1510.85,113798,2.08,2.15,2.05,2.08,1395247,30.1,30.1,29.54,29.92,2971590,17.25,17.25,16.62,16.85,96182
21.78,22.15,21.67,22.09,2561785,1507.0,1527.75,1497.07,1522.54,83868,2.06,2.06,1.95,1.97,759920,29.4,30.14,29.115,29.85,2991241,16.84,16.98,16.55,16.95,54668
21.96,21.96,20.72,20.86,6522620,1531.14,1586.47,1490.0,1536.64,190941,1.98,2.03,1.95,2.01,782778,30.03,30.23,29.63,29.84,3087605,17.3,17.3,16.55,16.82,246337
20.91,21.34,20.33,20.4,4306063,1533.86,1543.69,1470.0,1472.12,122979,2.03,2.03,1.96,1.96,839832,29.74,29.93,29.51,29.51,4611108,16.78,16.86,16.56,16.8,68877
20.0,20.3,19.87,19.94,5763505,1469.63,1469.63,1385.0,1397.7,341686,1.95,2.02,1.92,2.02,1087932,29.5,29.52,28.0,28.08,6817153,16.45,16.55,16.03,16.44,126920
20.51,21.39,20.25,21.03,5604400,1426.35,1455.24,1398.6,1434.03,307424,2.0,2.06,1.97,2.0,1130018,28.83,28.9,28.27,28.64,4667139,16.44,16.72,16.25,16.58,99976
21.03,21.065,19.37,20.02,8899841,1428.49,1434.7,1384.93,1394.29,202745,1.99,2.06,1.91,1.91,1114996,29.26,29.4,28.45,28.56,4957813,16.44,16.68,16.12,16.13,85550
19.97,20.63,19.73,20.42,4107003,1421.99,1476.59,1410.0,1472.45,122835,1.99,2.12,1.96,2.12,1320293,29.31,29.39,28.42,29.0,4450618,16.14,16.69,16.14,16.65,71786
20.8,21.54,20.52,21.27,4992215,1493.54,1585.3,1491.22,1581.32,259833,2.16,2.24,2.11,2.17,1439774,28.38,28.85,28.15,28.55,4574380,16.84,16.96,16.45,16.95,101017
21.43,21.86,21.1,21.81,3271588,1577.01,1592.15,1533.2,1562.18,210676,2.18,2.27,2.17,2.24,918554,28.63,28.76,28.365,28.57,4605701,16.97,17.02,16.61,16.94,101396
22.02,22.24,21.69,21.78,3274275,1586.24,1645.0,1582.35,1614.46,185599,2.26,2.33,2.19,2.32,1704953,28.04,28.27,27.54,28.2,4185311,17.02,17.67,17.02,17.63,196826
22.03,22.09,21.67,21.87,2354800,1626.99,1657.0,1605.54,1643.85,151368,2.38,2.47,2.31,2.38,784646,28.27,28.57,27.98,28.51,2853615,17.8,17.8,17.24,17.6,81821
22.1,22.1,21.45,21.65,3911177,1666.55,1717.94,1655.0,1717.94,183574,2.43,2.59,2.4,2.55,2072464,28.93,28.93,28.555,28.6,5041419,17.65,17.8,17.47,17.73,133968
21.61,21.63,21.2,21.5,3247419,1739.21,1845.46,1731.18,1822.99,252244,2.53,2.53,2.4,2.51,1107985,28.75,28.75,28.3,28.5,3564979,17.72,17.75,17.47,17.7,86717
21.3,21.4,21.0,21.08,3490792,1825.48,1900.58,1794.24,1857.34,208078,2.48,2.61,2.48,2.6,1222116,28.73,28.78,28.335,28.58,2755816,17.85,18.83,17.85,18.69,340674
21.14,21.33,20.81,21.2,3466443,1864.0,1874.36,1828.62,1858.01,105736,2.63,2.75,2.58,2.59,1733240,28.57,28.595,28.085,28.21,4056018,25.0,25.0,20.2,20.61,927636
21.6,22.45,21.38,22.33,6868956,1859.51,1875.0,1825.0,1847.2,112960,2.6,2.7,2.57,2.69,755904,28.11,28.27,27.69,28.12,5606023,21.05,21.05,19.26,19.87,426591
23.0,23.55,22.48,23.42,7055167,1867.19,1892.29,1817.96,1856.03,159771,2.73,2.84,2.67,2.67,1754420,27.86,28.04,27.45,27.51,4019274,20.5,20.68,20.0,20.2,328163
23.54,24.05,23.1,23.56,5378902,1744.95,1853.0,1719.5,1804.18,327701,2.68,2.68,2.52,2.59,883738,27.0,27.12,26.155,26.41,7059488,20.36,20.38,19.62,19.84,233207
23.41,23.44,22.71,23.29,3198685,1760.93,1796.85,1750.0,1755.6,161987,2.65,2.65,2.48,2.56,1076524,26.54,26.64,25.64,25.71,6085947,20.0,20.28,19.79,20.04,179099
23.43,24.29,23.2,24.02,3810140,1757.14,1815.0,1738.36,1810.58,201457,2.52,2.66,2.5,2.5,630663,25.8,25.8,24.84,24.93,6458935,20.14,20.32,19.66,19.83,134866
24.14,25.58,23.88,25.07,6798197,1770.21,1786.16,1718.29,1742.26,266313,2.53,2.68,2.53,2.62,1618344,25.29,25.98,25.11,25.98,9376887,19.53,19.89,19.31,19.42,221595
25.07,25.25,23.98,25.2,4793919,1600.83,1663.0,1527.87,1637.26,285845,2.63,2.655,2.49,2.64,1202612,25.86,25.88,25.01,25.35,4103160,19.16,19.16,18.1,19.02,278616
25.5,26.49,25.25,26.34,7225819,1645.5,1658.0,1588.98,1632.44,311931,2.62,2.78,2.6,2.73,2926095,25.03,25.35,24.85,25.15,3942734,18.98,19.23,18.64,18.95,115864
26.5,26.51,24.93,25.11,5754495,1616.39,1647.38,1538.84,1572.49,348442,2.76,2.76,2.56,2.6,1092800,24.76,25.2,24.39,24.48,5100002,19.0,19.02,18.53,18.61,113253
25.11,25.69,24.2,25.1,4249204,1599.78,1648.73,1568.0,1648.73,614257,2.63,2.66,2.51,2.6,1093376,24.31,24.37,23.63,23.75,7965060,18.51,19.56,18.51,19.43,361965
25.91,26.52,25.72,26.3,5673885,1665.74,1684.58,1625.0,1655.41,262833,2.66,2.73,2.57,2.57,523351,24.07,24.4,23.81,24.03,5796420,19.79,19.79,19.21,19.68,246937
26.35,26.69,26.12,26.4,3916427,1667.2,1667.2,1584.94,1653.79,237514,2.57,2.63,2.54,2.55,534820,24.25,25.21,24.23,25.08,11133022,19.8,19.8,19.21,19.8,142959
26.78,27.51,26.62,27.29,6182404,1629.68,1650.39,1541.04,1545.03,193938,2.57,2.64,2.57,2.6,670019,24.54,24.705,24.05,24.68,5821628,19.73,19.79,18.425,18.49,143893
27.43,27.67,25.8,26.82,7150439,1519.66,1542.29,1413.18,1455.99,351372,2.62,2.68,2.46,2.56,1215109,24.64,25.21,24.4,24.76,6473582,18.45,18.62,17.5,17.98,201413
27.26,27.415,25.41,26.9,7520782,1459.51,1459.51,1296.43,1431.8,471366,2.63,2.66,2.47,2.57,826445,24.83,25.15,24.37,25.11,4188301,18.23,18.23,16.27,17.59,473113
27.07,27.99,26.48,27.92,7211280,1424.34,1473.38,1357.7,1366.51,235294,2.6,2.6,2.42,2.43,1261907,25.15,25.15,24.47,24.71,5255496,17.53,17.79,17.14,17.28,166409
28.05,28.23,27.43,27.56,4397477,1411.75,1451.0,1393.56,1431.06,211970,2.45,2.6,2.42,2.56,1445350,25.36,25.75,25.12,25.27,4172253,17.78,19.03,17.64,18.77,358929
27.75,28.71,27.42,28.69,6395508,1480.09,1480.09,1364.48,1378.22,235847,2.58,2.64,2.54,2.64,874315,25.44,25.68,24.99,25.38,3688875,19.11,19.43,18.96,19.31,263176
29.02,30.07,28.7,29.67,9928127,1414.09,1452.75,1372.96,1431.53,234587,2.68,2.96,2.66,2.89,1740953,25.54,25.73,25.17,25.47,4741049,19.5,20.22,19.5,20.13,239201
29.29,29.88,28.96,29.72,5266057,1405.13,1428.58,1372.63,1422.91,149901,2.89,2.92,2.75,2.81,627727,25.08,25.47,24.85,25.36,3147273,20.15,20.15,19.59,19.77,99809
30.0,31.0,29.7,29.8,8130070,1422.91,1446.14,1388.0,1445.38,115129,2.7,2.74,2.63,2.65,967011,25.52,26.01,25.39,25.93,3882709,19.9,19.9,19.16,19.32,217263
29.9,29.9,28.56,28.79,4747974,1475.26,1483.2,1400.0,1417.85,320438,2.61,2.63,2.51,2.55,633941,26.01,26.02,25.57,25.78,9063100,19.49,19.54,18.73,18.9,164318
28.65,29.11,28.11,28.57,3265321,1400.0,1462.69,1372.0,1451.54,183047,2.52,2.54,2.46,2.49,807131,25.73,26.5,25.45,26.22,4440410,18.6,18.88,18.4,18.64,145571
28.5,28.94,27.58,27.61,3279190,1426.99,1431.22,1386.49,1398.27,158787,2.44,2.49,2.41,2.44,2429073,25.92,26.34,25.77,26.11,3449532,18.75,18.75,18.2,18.35,185807
27.5,27.97,26.61,27.68,4707896,1397.67,1423.23,1386.0,1399.98,739960,2.45,2.61,2.4,2.61,1849713,26.2,26.3,25.95,26.17,14681497,18.31,18.72,17.68,17.72,1419789
27.61,27.62,26.69,26.72,3471621,1399.98,1452.85,1398.82,1450.54,100540,2.59,2.6,2.48,2.57,1067943,25.83,26.1,25.77,25.81,3191794,17.95,18.87,17.95,18.45,331258
26.5,26.53,25.6,25.79,4175490,1456.09,1470.12,1436.22,1461.68,114772,2.5,2.5,2.39,2.4,1832913,25.81,25.84,25.12,25.46,3539136,18.63,18.89,18.11,18.21,119007
26.2,27.32,26.17,26.45,4213736,1475.41,1490.0,1386.1,1390.46,277294,2.46,2.5,2.41,2.41,1289021,25.5,25.5,25.1,25.3,3191439,18.25,18.26,17.88,17.94,149320
26.28,26.96,25.74,26.74,2923070,1377.79,1389.68,1328.43,1337.52,188366,2.39,2.4,2.31,2.35,901379,25.17,25.29,24.63,24.86,4353661,17.84,17.84,17.24,17.3,128285
27.05,27.06,26.18,26.53,3389253,1324.36,1363.44,1267.45,1334.0,264063,2.39,2.41,2.36,2.4,383225,24.72,25.15,24.72,25.1,3579205,17.27,17.41,16.85,17.05,103030
26.5,26.59,25.88,26.17,2721522,1343.99,1354.0,1295.81,1307.2,147702,2.42,2.42,2.29,2.37,541358,25.01,25.44,24.685,25.37,3626945,17.15,17.16,16.41,16.51,145697
26.14,27.03,26.14,26.68,3097880,1295.2,1355.0,1288.12,1324.56,129468,2.34,2.47,2.28,2.46,794933,24.85,24.94,24.55,24.64,3299246,16.4,16.66,16.06,16.58,213414
26.62,26.72,26.02,26.15,3161050,1352.99,1405.82,1344.37,1387.43,224036,2.46,2.465,2.36,2.37,410025,24.76,25.23,24.52,24.93,4892828,16.64,17.54,16.64,17.45,173530
26.3,26.58,25.97,26.45,3428094,1439.0,1481.31,1426.36,1448.18,156443,2.62,3.01,2.54,2.97,5745962,25.3,25.61,25.08,25.57,3374284,17.75,17.75,17.36,17.53,125007
26.47,27.48,26.25,27.1,3410184,1474.0,1474.0,1422.6,1434.38,74476,3.09,3.14,2.93,3.04,2080330,25.95,26.145,25.52,25.83,3007586,17.61,17.65,17.24,17.35,93795
27.2,27.89,27.18,27.74,2675170,1446.79,1480.0,1435.15,1453.4,127355,3.14,3.16,2.98,3.04,1684409,26.21,26.53,25.97,26.24,3905565,17.36,17.9,17.29,17.87,106807
27.85,28.49,27.3,27.65,3608980,1449.0,1481.56,1441.0,1462.12,96277,3.03,3.125,3.03,3.06,722474,26.25,26.45,25.985,26.08,2718728,17.87,17.98,17.47,17.75,128855
27.54,27.65,26.42,26.98,3732946,1484.0,1539.7,1484.0,1536.84,163918,3.04,3.07,2.89,2.94,1134813,26.4,26.6,26.29,26.58,3331880,17.91,18.15,17.86,18.15,225707
26.83,27.28,26.75,26.84,2463873,1520.81,1546.89,1495.0,1537.03,143513,2.94,3.0,2.92,2.93,385636,26.33,26.725,26.21,26.57,3115958,18.04,18.36,17.92,18.34,86016
26.65,27.35,26.46,27.0,3723751,1530.21,1536.77,1492.0,1508.52,140134,2.94,3.05,2.94,3.01,535429,26.51,26.55,26.19,26.35,3305202,18.3,18.32,16.97,17.32,295663
28.4,28.4,25.2,26.88,10261718,1526.79,1565.0,1526.79,1555.57,129436,3.01,3.07,2.93,3.06,848214,26.52,26.98,26.32,26.44,3860178,17.36,17.4,16.46,16.82,242578
27.09,27.3,26.16,26.21,4954582,1564.0,1569.31,1472.15,1476.06,132018,3.06,3.21,2.99,3.2,1183668,26.41,26.64,26.31,26.42,2790561,16.8,17.09,16.695,16.88,167830
26.3,26.42,25.25,25.43,5522641,1500.09,1532.1,1486.0,1511.78,111003,3.23,3.43,3.17,3.42,1607442,26.77,27.86,26.7,27.56,4730381,16.91,17.25,16.67,16.99,183726
25.36,25.58,24.65,24.86,6006113,1515.32,1525.0,1486.5,1510.34,102684,3.45,3.46,3.23,3.27,688473,28.01,28.08,27.57,27.81,4438283,17.0,17.76,16.68,17.66,858339
24.65,25.15,24.15,24.15,4027277,1496.95,1502.05,1432.28,1432.28,130253,3.28,3.31,3.15,3.23,682596,27.86,28.03,27.605,27.71,2800846,17.52,17.63,17.12,17.47,213086
24.0,24.07,22.91,23.26,6313074,1424.24,1450.1,1396.81,1416.08,109306,3.25,3.25,3.07,3.1,946003,27.6,28.33,27.53,28.24,3366625,17.47,17.9,17.47,17.67,169180
23.18,23.85,22.7,23.64,3685372,1416.07,1438.16,1404.35,1425.99,87416,3.06,3.17,3.06,3.16,654586,28.43,28.88,28.22,28.41,3315079,17.71,18.02,17.62,18.02,82504
23.76,24.85,23.645,24.69,4601352,1439.91,1445.42,1365.96,1366.72,136130,3.16,3.22,3.1,3.13,660428,28.2,28.27,27.805,27.99,3182170,18.19,18.42,17.9,17.93,135444
24.77,25.19,24.6,25.07,2922300,1366.78,1383.4399,1360.0601,1373.73,97100,3.13,3.19,3.11,3.18,739600,28.19,28.25,27.67,27.71,2742020,18.01,18.24,17.86,18.19,55127
25.32,25.88,25.19,25.76,2969200,1373.77,1443.76,1373.77,1441.55,112800,3.16,3.26,3.14,3.22,931000,27.66,27.7,27.38,27.46,2274369,18.13,18.66,18.13,18.54,71872
25.87,25.87,25.43,25.74,2501400,1451.04,1451.04,1408.25,1430.45,90800,3.25,3.3,3.21,3.21,692400,27.46,27.46,26.77,26.79,3353546,18.56,18.71,18.41,18.65,43274
25.68,25.72,25.08,25.22,2997000,1505.92,1610.0,1477.76,1589.47,325500,3.24,3.43,3.22,3.4,641700,26.6,26.97,26.43,26.83,3263331,18.55,19.24,18.5,19.08,85225
25.47,25.58,24.81,24.83,2597800,1595.0,1598.21,1509.0,1514.33,166400,3.45,3.58,3.37,3.4,738800,26.6,26.73,25.94,26.19,4015348,19.2,19.24,18.79,19.0,159203
24.76,25.16,24.55,24.77,2850500,1490.0,1501.55,1444.25,1450.9,179500,3.26,3.3,3.14,3.26,1060300,26.12,26.43,25.97,26.19,5405385,18.83,19.09,18.35,18.41,141379
25.0,25.68,25.0,25.5,3000500,1466.39,1466.39,1375.0,1375.0,165200,3.28,3.3,3.2,3.28,698400,26.51,27.395,26.45,27.3,3981235,18.5,18.81,18.23,18.38,155084
25.4,25.44,24.63,24.95,3400800,1370.0,1407.78,1325.3101,1405.66,163000,3.31,3.38,3.24,3.26,1121300,27.23,27.77,26.81,27.06,3440595,18.28,18.3,17.37,17.52,120223
25.0,25.16,24.25,24.35,3207400,1411.05,1418.29,1364.61,1376.05,152300,3.32,3.46,3.3,3.44,848000,27.36,27.47,26.92,27.3,3142647,17.61,17.69,16.97,17.04,105971
24.28,24.42,23.87,24.16,4376400,1360.01,1370.15,1302.91,1324.49,190600,3.45,3.54,3.42,3.54,721800,27.59,28.74,27.59,28.64,5267723,16.96,17.0,16.63,16.9,111190
24.16,24.96,23.8,24.92,3069000,1359.48,1372.99,1331.9301,1345.36,162200,3.54,3.62,3.46,3.6,1424900,29.21,29.38,28.75,29.02,7301393,17.03,17.27,16.85,17.12,100150
25.33,25.44,24.77,25.0,3080200,1338.61,1338.61,1286.16,1303.28,234600,3.66,3.66,3.39,3.46,1126400,29.32,29.53,28.92,28.95,6124212,17.09,17.1,16.72,16.73,110400
24.5,25.02,24.4,24.91,3188600,1252.2,1355.29,1248.55,1342.89,203500,3.38,3.44,3.29,3.4,920400,28.41,29.05,28.33,28.98,3600408,16.5,17.27,16.18,17.13,150400
24.86,25.09,24.35,24.35,2591000,1309.9,1334.29,1280.0,1315.49,177700,3.45,3.55,3.43,3.44,852400,28.94,29.17,28.38,28.53,3959734,18.35,18.71,17.95,18.54,493200
24.55,25.19,24.34,24.43,3493100,1339.96,1345.36,1251.74,1274.99,169500,3.42,3.43,3.28,3.31,851800,28.37,28.8,28.1,28.7,2864097,18.56,18.57,17.46,17.63,264400
24.78,26.14,24.46,25.8,5567900,1285.0,1317.7,1264.27,1314.47,118200,3.35,3.47,3.34,3.46,616400,28.89,29.17,28.68,29.12,2829114,17.78,18.22,17.56,17.65,280300
25.45,25.8,25.12,25.53,3581800,1309.9301,1342.87,1295.0,1322.6,88700,3.44,3.67,3.44,3.66,649000,29.35,30.5,29.0,30.49,6302799,17.54,17.6,16.875,16.92,127071
25.72,26.31,25.43,25.86,3291800,1329.97,1388.42,1321.45,1365.65,161300,3.66,3.68,3.57,3.65,474200,30.44,30.44,29.66,30.28,5061071,16.98,17.42,16.85,17.2,87100
25.5,26.02,25.21,25.95,2789800,1325.23,1420.0,1325.23,1419.22,216400,3.54,3.6,3.45,3.54,429900,30.05,30.65,29.65,29.81,4943824,17.0,17.18,16.9,16.96,191276
26.01,26.42,25.66,25.8,2919200,1425.8101,1475.98,1416.53,1464.34,154900,3.53,3.56,3.43,3.56,550100,29.75,30.15,29.55,29.9,3632197,17.05,17.27,16.91,16.98,178400
25.96,26.1,25.51,25.64,2153100,1473.99,1505.015,1438.0,1473.78,168600,3.59,3.59,3.46,3.48,292400,30.08,30.16,29.57,29.79,3025500,17.12,17.15,16.81,17.0,123600
25.95,26.69,25.9,25.92,4256300,1525.74,1542.0,1484.84,1496.6801,177900,3.52,3.52,3.36,3.36,621705,29.78,29.81,29.21,29.64,6716000,17.08,17.1,16.88,16.98,79500
26.13,26.94,26.07,26.85,4183700,1514.65,1534.9301,1492.0,1499.4,119500,3.38,3.39,3.29,3.34,891400,30.02,30.2,29.68,29.78,4247000,17.02,17.14,16.9,16.97,125500
27.1,27.81,27.01,27.54,5497400,1489.99,1515.77,1467.79,1492.8199,325700,3.32,3.41,3.32,3.35,608900,29.35,29.53,28.24,28.24,21124200,16.92,17.05,16.8,17.0,255100
27.86,27.86,26.91,27.18,3556100,1510.2,1536.3199,1499.58,1502.42,119100,3.4,3.6,3.39,3.58,1418400,28.47,29.16,28.43,29.11,4560300,17.07,17.19,16.8,16.82,107500
27.47,27.47,27.18,27.36,1312283,1509.0,1509.0,1479.0,1480.3199,68700,3.57,4.03,3.57,4.03,1012200,29.27,29.28,28.6,28.64,1467900,16.8,16.94,16.65,16.8,48200
27.57,27.76,27.16,27.21,4476047,1511.59,1537.5,1495.14,1510.72,153900,4.06,4.25,4.0,4.25,1827800,29.0,29.33,28.62,29.24,4834000,16.83,16.86,16.56,16.65,142200
27.26,27.37,26.82,27.08,3175600,1522.0,1523.0,1468.64,1479.47,118600,4.29,4.29,4.11,4.22,1846000,29.29,29.39,29.06,29.1,3557700,16.65,16.79,16.38,16.48,124900
27.0,27.0,26.46,26.94,3194400,1475.1801,1487.41,1447.42,1448.96,116200,4.25,4.68,4.23,4.59,5624200,28.51,28.51,28.02,28.07,5636700,16.41,16.7,16.36,16.5,170900
27.01,27.13,26.66,27.0,1953300,1457.04,1480.16,1452.71,1457.15,68100,4.58,4.65,4.28,4.35,1593800,28.2,28.61,28.08,28.34,2802900,16.6,17.02,16.55,16.84,183300
27.28,27.5,26.95,26.95,3422200,1460.01,1487.85,1434.85,1482.9399,183600,4.35,4.4,4.3,4.35,511000,28.25,28.35,28.01,28.28,3796600,16.83,17.0,16.61,16.97,92700
27.3,28.83,27.13,28.65,7930700,1496.33,1513.8,1465.0,1488.28,105800,4.35,4.58,4.33,4.51,1487900,28.22,28.41,27.99,28.0,4655400,17.04,17.26,16.92,17.14,273300
29.0,29.17,28.52,28.73,4241900,1487.04,1498.15,1471.66,1472.02,57300,4.55,4.64,4.53,4.6,2433100,27.9,28.15,27.79,27.89,2773000,17.16,17.16,16.88,17.06,100400
28.8,28.88,28.2,28.41,3020000,1472.1801,1495.59,1450.0,1493.25,75600,4.61,4.71,4.53,4.55,2058600,27.89,28.7,27.77,28.67,2678300,17.03,17.03,16.83,16.83,77100
28.56,29.16,28.44,28.55,5884100,1493.35,1518.9,1492.28,1518.08,81700,4.58,4.61,4.5,4.5,346500,28.51,28.64,28.24,28.24,2668900,16.82,17.0,16.7,16.89,178400
28.7,28.76,28.1,28.34,3515800,1517.95,1591.0,1516.22,1585.83,153600,4.58,4.59,4.38,4.38,910500,27.75,28.24,27.56,28.11,2323900,16.78,17.32,16.78,17.18,324500
28.37,28.61,28.13,28.25,2768100,1597.55,1641.98,1567.4399,1612.11,164300,4.41,4.52,4.4,4.48,1218900,28.17,28.2,27.75,27.76,2523700,17.22,17.7,17.18,17.37,146500
28.24,28.32,27.66,28.1,2449100,1616.49,1685.0,1609.1899,1670.47,205600,4.45,4.53,4.45,4.47,718700,27.82,28.18,27.47,27.53,3544600,17.5,17.66,17.32,17.36,87800
28.08,28.39,27.8,28.05,2135400,1671.0,1804.715,1666.98,1790.01,246400,4.48,4.48,4.16,4.26,1221200,26.85,26.9,25.94,25.97,6909000,17.28,17.55,17.28,17.5,174600
27.82,27.87,27.51,27.76,2694504,1785.5699,1846.45,1775.0,1820.37,504056,4.19,4.355,4.18,4.25,826017,26.15,26.37,25.78,25.79,8744499,17.34,17.97,17.34,17.61,814013
